time_s,superoxide_M,h2o2_M,oh_radical_M,gsh_M,gssg_M,dna_damage
0.0,1e-09,1e-07,1.3357299891125477e-14,0.00475,0.00025,0.0
0.3003003003003003,8.089429943697589e-10,2.674666282088325e-07,1.335382778208492e-14,0.004777331202283612,0.0002326364477928292,5.0345209827868796e-08
0.6006006006006006,8.089429943697858e-10,2.6746207652041265e-07,1.3350401497023194e-14,0.004804221552374815,0.0002156027204185753,1.0053946309609959e-07
0.9009009009009009,8.089429943697857e-10,2.674573307511824e-07,1.3347035243713421e-14,0.00483065420315972,0.0001989040050245779,1.505832089699061e-07
1.2012012012012012,8.089429943697856e-10,2.674527277504019e-07,1.3343738851776324e-14,0.004856551209398514,0.0001825761335639458,2.004768987455191e-07
1.5015015015015014,8.089429943697857e-10,2.674482806145152e-07,1.3340523314180004e-14,0.00488182534152177,0.0001666596730682505,2.502209823659659e-07
1.8018018018018018,8.089429943697856e-10,2.6744400197837935e-07,1.3337400920882894e-14,0.004906379021647293,0.0001512004548962729,2.9981590842511295e-07
2.1021021021021022,8.089429943697858e-10,2.6743990587024863e-07,1.3334385378763644e-14,0.004930103367719612,0.00013625004998655586,3.492621241717258e-07
2.4024024024024024,8.089429943697857e-10,2.6743600820840747e-07,1.333149189363439e-14,0.00495287753782044,0.00012186609409750281,3.985600755135288e-07
2.7027027027027026,8.08942994369786e-10,2.674323262639592e-07,1.3328737174759144e-14,0.004974568688376669,0.00010811230623138973,4.477102070211673e-07
3.003003003003003,8.089429943697857e-10,2.6742887884061716e-07,1.3326139313853402e-14,0.00499503292752871,9.505800949172828e-05,4.967129619322457e-07
3.3033033033033035,8.08942994369786e-10,2.6742568578664847e-07,1.3323717458866692e-14,0.0050141178954134814,8.277683857191751e-05,5.455687821553343e-07
3.6036036036036037,8.089429943697856e-10,2.674227673315424e-07,1.3321491195374989e-14,0.005031667663016428,7.134428803666205e-05,5.942781082739493e-07
3.903903903903904,8.089429943697858e-10,2.674201429362701e-07,1.3319479547457632e-14,0.005047530648864541,6.083375175177859e-05,6.428413795505203e-07
4.2042042042042045,8.089429943697861e-10,2.6741782965599987e-07,1.3317699542340157e-14,0.00506157099599489,5.131083223559388e-05,6.912590339303548e-07
4.504504504504505,8.089429943697027e-10,2.674158400441703e-07,1.3316164386263196e-14,0.005073683034369459,4.282610735358283e-05,7.39531508045588e-07
4.804804804804805,8.089429943694354e-10,2.674141798344274e-07,1.3314881463329677e-14,0.005083807151916266,3.5407192763932564e-05,7.876592372191143e-07
5.105105105105105,8.089429944262373e-10,2.674128458573277e-07,1.3313850556417044e-14,0.005091943912397486,2.9051681006888675e-05,8.356426554685143e-07
5.405405405405405,8.089429948733152e-10,2.6741182481412035e-07,1.3313062822853837e-14,0.005098162199262368,2.372306766143181e-05,8.834821955099651e-07
5.7057057057057055,8.089429924568067e-10,2.6741109345549957e-07,1.3312500975577224e-14,0.005102597812882866,1.9351450867201885e-05,9.311782887621397e-07
6.006006006006006,8.089429725841907e-10,2.674106203459208e-07,1.331214079707955e-14,0.005105441509682915,1.5839509954593505e-05,9.787313653500957e-07
6.306306306306307,8.089430127531687e-10,2.6741036880813094e-07,1.3311953665413833e-14,0.005106919020417114,1.3072494553588965e-05,1.0261418541091518e-06
6.606606606606607,8.089429944137005e-10,2.6741030053491154e-07,1.3311909442103481e-14,0.005107268194620971,1.0929650668568272e-05,1.0734101825887547e-06
6.906906906906907,8.089429943693964e-10,2.6741037852321525e-07,1.3311979043174634e-14,0.005106718646140174,9.294396264018185e-06,1.1205367770563336e-06
7.207207207207207,8.089429943697861e-10,2.674105694526807e-07,1.3312136258146203e-14,0.00510547734662128,8.06152291821485e-06,1.1675220625011464e-06
7.5075075075075075,8.089429943697859e-10,2.674108448222801e-07,1.3312358707902752e-14,0.005103721032337093,7.140990856990694e-06,1.2143664626381128e-06
7.807807807807808,8.089429943697857e-10,2.6741118126076966e-07,1.331262807963718e-14,0.005101594332116598,6.4588634811656094e-06,1.261070399911637e-06
8.108108108108109,8.089429943697858e-10,2.6741156022504414e-07,1.3312929878786173e-14,0.0050992117184368085,5.9563303576233976e-06,1.3076342954994182e-06
8.408408408408409,8.08942994369803e-10,2.6741196737878686e-07,1.3313252928906622e-14,0.005096661454418576,5.587732301681206e-06,1.354058569316251e-06
8.70870870870871,8.089429943697836e-10,2.674123918633323e-07,1.3313588789384038e-14,0.005094010192446815,5.318260689274669e-06,1.400343640017811e-06
9.00900900900901,8.089429943697857e-10,2.674128255904653e-07,1.3313931193581518e-14,0.005091307412448909,5.121736980760037e-06,1.4464899250044353e-06
9.30930930930931,8.089429943697858e-10,2.674132626214035e-07,1.3314275557416259e-14,0.005088589304194285,4.978670273752524e-06,1.492497840424883e-06
9.60960960960961,8.089429943697859e-10,2.6741369865319746e-07,1.3314618574269633e-14,0.005085881967614276,4.874655884153727e-06,1.5383678011800914e-06
9.90990990990991,8.089429943697858e-10,2.674141306104683e-07,1.3314957893882951e-14,0.005083203949566036,4.799105742412743e-06,1.584100220926916e-06
10.21021021021021,8.089429943697856e-10,2.6741455632941243e-07,1.3315291874442152e-14,0.005080568202312926,4.744267967700021e-06,1.629695512081862e-06
10.51051051051051,8.089429943697857e-10,2.674149743177479e-07,1.3315619394670863e-14,0.005077983567867174,4.704483546018528e-06,1.6751540858248058e-06
10.81081081081081,8.089429943697856e-10,2.674153835747227e-07,1.3315939713240173e-14,0.005075455888486162,4.675629965531227e-06,1.7204763521026996e-06
11.11111111111111,8.089429943697856e-10,2.6741578345744173e-07,1.3316252364568584e-14,0.005072988829667486,4.654708635542708e-06,1.7656627196332703e-06
11.411411411411411,8.089429943697859e-10,2.674161735822528e-07,1.3316557082108267e-14,0.005070584486001084,4.639540909007773e-06,1.8107135959087047e-06
11.711711711711711,8.089429943697847e-10,2.674165537523382e-07,1.3316853742129972e-14,0.005068243825092109,4.628545100735324e-06,1.8556293871993262e-06
12.012012012012011,8.089429943698459e-10,2.674169239048009e-07,1.3317142322728798e-14,0.005065967011255282,4.620573650093263e-06,1.9004104985572562e-06
12.312312312312313,8.089429943696838e-10,2.6741728407202945e-07,1.3317422873957474e-14,0.00506375364132036,4.614794257389158e-06,1.945057333820067e-06
12.612612612612613,8.08942994367971e-10,2.674176343536272e-07,1.3317695496181076e-14,0.005061602915507193,4.610603513947652e-06,1.989570295614427e-06
12.912912912912914,8.089429943782964e-10,2.674179748960002e-07,1.3317960324372888e-14,0.005059513761382752,4.60756401871159e-06,2.033949785359727e-06
13.213213213213214,8.089429944115083e-10,2.674183058775604e-07,1.3318217516777148e-14,0.005057484923335541,4.605358762980817e-06,2.0781962032717033e-06
13.513513513513514,8.089429952704477e-10,2.674186274976697e-07,1.331846724673927e-14,0.005055515027040388,4.603758045959583e-06,2.122309948366046e-06
13.813813813813814,8.089430024328555e-10,2.6741893996697976e-07,1.3318709696808886e-14,0.005053602625979256,4.6025953873263365e-06,2.1662914184619962e-06
14.114114114114114,8.089431894524552e-10,2.6741924342210135e-07,1.3318945054545088e-14,0.00505174623452436,4.6017501833897766e-06,2.210141010185938e-06
14.414414414414415,8.089430421076586e-10,2.674195383394141e-07,1.3319173509505281e-14,0.00504994435167887,4.601135058040841e-06,2.2538591189749665e-06
14.714714714714715,8.089429951278649e-10,2.6741982473345096e-07,1.3319395251107894e-14,0.005048195477920016,4.600686685349701e-06,2.2974461390804643e-06
15.015015015015015,8.08942994432617e-10,2.674201028560642e-07,1.3319610467145057e-14,0.005046498126913848,4.600359199109634e-06,2.3409024635716507e-06
15.315315315315315,8.089429956017615e-10,2.674203729524478e-07,1.3319819342740078e-14,0.005044850833719877,4.600119379017909e-06,2.3842284843391257e-06
15.615615615615615,8.089429986836668e-10,2.6742063524275554e-07,1.3320022059628342e-14,0.005043252160444381,4.599943132957969e-06,2.427424592098407e-06
15.915915915915916,8.08942985522946e-10,2.674208899522541e-07,1.3320218795694196e-14,0.005041700699874863,4.59981301008295e-06,2.4704911763934532e-06
16.216216216216218,8.089429024833454e-10,2.6742113731885697e-07,1.3320409724670051e-14,0.005040195077835354,4.5997163727176595e-06,2.5134286256001753e-06
16.516516516516518,8.089430535994358e-10,2.67421377399577e-07,1.3320595015958578e-14,0.0050387339545713275,4.599644073462197e-06,2.5562373269299395e-06
16.816816816816818,8.089429478574654e-10,2.674216106383778e-07,1.3320774834535297e-14,0.0050373160255017275,4.599589465441277e-06,2.5989176664330606e-06
17.117117117117118,8.089430054511834e-10,2.6742183702672155e-07,1.3320949340927036e-14,0.005035940021372599,4.599547731789058e-06,2.6414700290022803e-06
17.41741741741742,8.089429943499974e-10,2.674220568693589e-07,1.3321118691230704e-14,0.005034604708094484,4.59951539087828e-06,2.683894798376243e-06
17.71771771771772,8.089429943592196e-10,2.674222703151584e-07,1.3321283037158157e-14,0.0050333088863740855,4.599489920873824e-06,2.7261923571429486e-06
18.01801801801802,8.089429946027166e-10,2.6742247755147433e-07,1.3321442526104047e-14,0.005032051391165887,4.599469490520405e-06,2.768363086743212e-06
18.31831831831832,8.089429934956638e-10,2.674226787563461e-07,1.332159730122954e-14,0.005030831090999322,4.599452767459315e-06,2.810407367474096e-06
18.61861861861862,8.089429970002804e-10,2.6742287409901047e-07,1.332174750155545e-14,0.005029646887232197,4.599438780606889e-06,2.852325578492345e-06
18.91891891891892,8.089429854071296e-10,2.6742306375786636e-07,1.3321893262063208e-14,0.005028497713243405,4.599426828367632e-06,2.8941180978178013e-06
19.21921921921922,8.089430244286397e-10,2.67423247862036e-07,1.3322034713796781e-14,0.005027382533618343,4.5994164043775905e-06,2.9357853023368156e-06
19.51951951951952,8.089428836412051e-10,2.674234266886587e-07,1.332217198396581e-14,0.005026300343326015,4.599407142039829e-06,2.9773275678056457e-06
19.81981981981982,8.089429600345311e-10,2.6742360018936923e-07,1.3322305196049006e-14,0.005025250166893724,4.5993987742479735e-06,3.0187452688538413e-06
20.12012012012012,8.089430783345287e-10,2.6742376860288714e-07,1.332243446989782e-14,0.00502423105758137,4.5993911029087305e-06,3.0600387789876296e-06
20.42042042042042,8.089429565745618e-10,2.6742393221799983e-07,1.3322559921839367e-14,0.00502324209656114,4.599383977363193e-06,3.101208470593283e-06
20.72072072072072,8.089429977628034e-10,2.67424090974624e-07,1.3322681664777258e-14,0.005022282392114622,4.599377293011561e-06,3.1422547149404707e-06
21.02102102102102,8.089430078000758e-10,2.6742424510643947e-07,1.3322799808288968e-14,0.005021351078857903,4.599370972968652e-06,3.1831778821856102e-06
21.32132132132132,8.089429918147875e-10,2.6742439474436504e-07,1.3322914458723708e-14,0.005020447316962694,4.599364960452886e-06,3.223978341375208e-06
21.62162162162162,8.089429943409807e-10,2.674245399981513e-07,1.3323025719294264e-14,0.005019570291425804,4.599359214367534e-06,3.2646564604491836e-06
21.92192192192192,8.089429943675934e-10,2.674246810037583e-07,1.3323133690168538e-14,0.005018719211341162,4.599353702460412e-06,3.305212606244186e-06
22.22222222222222,8.089429942494901e-10,2.674248178834037e-07,1.3323238468553666e-14,0.0050178933092308925,4.599348404331991e-06,3.345647144496884e-06
22.52252252252252,8.089429943464239e-10,2.6742495075539203e-07,1.3323340148800662e-14,0.005017091840214743,4.599343293432729e-06,3.385960439847341e-06
22.822822822822822,8.089429943902437e-10,2.674250797367438e-07,1.3323438822459739e-14,0.0050163140815688515,4.599338359955218e-06,3.4261528558421723e-06
23.123123123123122,8.089429943786897e-10,2.674252049401132e-07,1.3323534578399253e-14,0.005015559331783159,4.599333585248705e-06,3.4662247549379918e-06
23.423423423423422,8.089429943649707e-10,2.6742532647502115e-07,1.3323627502845859e-14,0.0050148269102402955,4.599328961670489e-06,3.5061764985045073e-06
23.723723723723722,8.089429943664354e-10,2.6742544444803484e-07,1.3323717679495443e-14,0.005014116156336715,4.5993244808659455e-06,3.546008446827924e-06
24.024024024024023,8.089429943703169e-10,2.6742555896255515e-07,1.332380518956272e-14,0.005013426429087708,4.5993201362698625e-06,3.585720959114085e-06
24.324324324324326,8.089429943703048e-10,2.674256701189786e-07,1.3323890111867665e-14,0.005012757106442241,4.599315923938736e-06,3.6253143934917745e-06
24.624624624624627,8.089429943698001e-10,2.674257780149491e-07,1.3323972522902585e-14,0.00501210758475056,4.599311839319913e-06,3.6647891070159242e-06
24.924924924924927,8.089429943698022e-10,2.6742588274533976e-07,1.3324052496896343e-14,0.005011477278254663,4.599307877993979e-06,3.7041454556708235e-06
25.225225225225227,8.08942994369782e-10,2.674259844022586e-07,1.3324130105891595e-14,0.005010865618476177,4.5993040359967685e-06,3.743383794373367e-06
25.525525525525527,8.089429943697802e-10,2.674260830751955e-07,1.332420541979492e-14,0.005010272053818322,4.5993003088458785e-06,3.782504476976198e-06
25.825825825825827,8.089429943697754e-10,2.674261788510521e-07,1.3324278506440316e-14,0.005009696049062433,4.599296693388108e-06,3.8215078562708924e-06
26.126126126126128,8.089429943697569e-10,2.674262718142161e-07,1.3324349431649722e-14,0.00500913708488832,4.599293187158131e-06,3.860394283991137e-06
26.426426426426428,8.089429943697554e-10,2.6742636204675547e-07,1.3324418259354177e-14,0.005008594656916916,4.599289783498207e-06,3.899164110816222e-06
26.726726726726728,8.089429943697859e-10,2.6742644962834793e-07,1.3324485051583407e-14,0.00500806827578979,4.599286477295907e-06,3.937817686373844e-06
27.027027027027028,8.089429943697864e-10,2.674265346362074e-07,1.332454986841474e-14,0.005007557467569533,4.5992832708589226e-06,3.976355359242751e-06
27.32732732732733,8.089429943697866e-10,2.6742661714556263e-07,1.3324612768328886e-14,0.005007061770933759,4.599280157431188e-06,4.014777476957385e-06
27.62762762762763,8.08942994369786e-10,2.674266972294371e-07,1.3324673808061939e-14,0.005006580738339423,4.599277132978492e-06,4.053084386010011e-06
27.92792792792793,8.089429943697855e-10,2.674267749585784e-07,1.3324733042486972e-14,0.005006113936954041,4.5992741970803975e-06,4.091276431852968e-06
28.22822822822823,8.089429943697852e-10,2.6742685040185685e-07,1.3324790525030256e-14,0.005005660945373825,4.599271347022861e-06,4.1293539589036815e-06
28.52852852852853,8.089429943697853e-10,2.674269236261716e-07,1.3324846307554116e-14,0.005005221354545114,4.599268580725578e-06,4.167317310546936e-06
28.82882882882883,8.089429943697858e-10,2.6742699469639063e-07,1.3324900440294509e-14,0.005004794768254844,4.599265895805954e-06,4.205166829137336e-06
29.12912912912913,8.089429943697858e-10,2.674270636754693e-07,1.332495297196815e-14,0.005004380802284615,4.599263289660083e-06,4.242902856002758e-06
29.42942942942943,8.089429943697859e-10,2.674271306246899e-07,1.3325003949990913e-14,0.005003979082688432,4.599260761017025e-06,4.280525731448422e-06
29.72972972972973,8.089429943697858e-10,2.6742719560350324e-07,1.332505342032504e-14,0.005003589246995295,4.599258308032614e-06,4.318035794758831e-06
30.03003003003003,8.089429943697858e-10,2.674272586694963e-07,1.3325101427447058e-14,0.005003210944460834,4.59925592749864e-06,4.355433384200321e-06
30.33033033033033,8.089429943697858e-10,2.674273198787725e-07,1.3325148014689203e-14,0.005002843833375561,4.599253617568532e-06,4.392718837026073e-06
30.63063063063063,8.089429943697856e-10,2.674273792857714e-07,1.332519322407142e-14,0.00500248758238772,4.599251375692583e-06,4.429892489477808e-06
30.93093093093093,8.089429943697856e-10,2.6742743694323384e-07,1.332523709625335e-14,0.005002141870880536,4.599249200404482e-06,4.466954676788166e-06
31.23123123123123,8.089429943697855e-10,2.674274929024841e-07,1.3325279670805925e-14,0.005001806386831054,4.599247089208874e-06,4.503905733185429e-06
31.53153153153153,8.089429943697856e-10,2.6742754721336495e-07,1.3325320986137844e-14,0.005001480827388658,4.599245039621597e-06,4.540745991895749e-06
31.83183183183183,8.089429943697858e-10,2.6742759992420324e-07,1.3325361079462723e-14,0.005001164899132919,4.599243049923983e-06,4.577475785145639e-06
32.132132132132135,8.089429943697858e-10,2.6742765108190116e-07,1.3325399986877509e-14,0.005000858317454991,4.599241118785266e-06,4.614095444165308e-06
32.432432432432435,8.089429943697858e-10,2.674277007321006e-07,1.3325437743504462e-14,0.005000560805438028,4.599239244221803e-06,4.650605299192492e-06
32.732732732732735,8.089429943697858e-10,2.674277489190758e-07,1.3325474383393505e-14,0.005000272094625918,4.599237424679489e-06,4.6870056794744335e-06
33.033033033033036,8.089429943697857e-10,2.674277956856974e-07,1.332550993948784e-14,0.0049999919252934595,4.59923565843495e-06,4.72329691327032e-06
33.333333333333336,8.089429943697857e-10,2.6742784107374386e-07,1.3325544443895125e-14,0.004999720044309027,4.599233944292144e-06,4.759479327856198e-06
33.633633633633636,8.089429943697857e-10,2.674278851237477e-07,1.332557792774942e-14,0.004999456206221754,4.5992322810983605e-06,4.79555324952658e-06
33.933933933933936,8.089429943697857e-10,2.6742792787494025e-07,1.3325610421160487e-14,0.0049992001736604355,4.5992306668707685e-06,4.831519003596657e-06
34.234234234234236,8.089429943697857e-10,2.674279693655219e-07,1.332564195344722e-14,0.004998951715493633,4.599229100383669e-06,4.867376914407077e-06
34.53453453453454,8.089429943697857e-10,2.674280096325791e-07,1.3325672553062768e-14,0.004998710607419229,4.599227580318005e-06,4.90312730532597e-06
34.83483483483484,8.089429943697858e-10,2.6742804871206054e-07,1.3325702247572191e-14,0.00499847663213997,4.599226105285437e-06,4.938770498751378e-06
35.13513513513514,8.089429943697857e-10,2.6742808663885157e-07,1.3325731063714495e-14,0.004998249578874252,4.5992246738737306e-06,4.974306816114529e-06
35.43543543543544,8.089429943697858e-10,2.6742812344689493e-07,1.3325759027504001e-14,0.004998029242556903,4.599223284632552e-06,5.0097365778835296e-06
35.73573573573574,8.089429943697859e-10,2.6742815916911076e-07,1.3325786164160124e-14,0.004997815424392155,4.599221936176234e-06,5.045060103565283e-06
36.03603603603604,8.089429943697858e-10,2.6742819383737827e-07,1.3325812498090063e-14,0.004997607931989561,4.59922062760493e-06,5.080277711707911e-06
36.33633633633634,8.089429943697859e-10,2.6742822748275354e-07,1.3325838053072825e-14,0.00499740657791378,4.599219357500269e-06,5.115389719905433e-06
36.63663663663664,8.089429943697858e-10,2.67428260135366e-07,1.3325862852168688e-14,0.0049972111803975585,4.599218124665561e-06,5.150396444799389e-06
36.93693693693694,8.089429943697857e-10,2.674282918243737e-07,1.3325886917681482e-14,0.0049970215636385654,4.599216928108429e-06,5.1852982020809655e-06
37.23723723723724,8.089429943697857e-10,2.6742832257816913e-07,1.3325910271329468e-14,0.004996837556452755,4.599215766786878e-06,5.22009530649566e-06
37.53753753753754,8.089429943697857e-10,2.6742835242431275e-07,1.3325932934188432e-14,0.004996658992722448,4.599214639757899e-06,5.2547880718452005e-06
37.83783783783784,8.089429943697857e-10,2.674283813895141e-07,1.3325954926675186e-14,0.004996485711526114,4.599213545996199e-06,5.289376810989921e-06
38.13813813813814,8.089429943697857e-10,2.6742840949969227e-07,1.3325976268596345e-14,0.004996317556753724,4.599212484474912e-06,5.3238618358519675e-06
38.43843843843844,8.089429943697857e-10,2.67428436780066e-07,1.3325996979222319e-14,0.004996154376523568,4.599211454371939e-06,5.358243457418846e-06
38.73873873873874,8.089429943697857e-10,2.6742846325509016e-07,1.3326017077233497e-14,0.004995996023606034,4.599210454800223e-06,5.39252198574529e-06
39.03903903903904,8.089429943697857e-10,2.6742848894844055e-07,1.3326036580707175e-14,0.004995842355526467,4.59920948475636e-06,5.42669772995562e-06
39.33933933933934,8.089429943697857e-10,2.67428513883185e-07,1.3326055507257522e-14,0.004995693233462125,4.599208543392815e-06,5.460770998248281e-06
39.63963963963964,8.089429943697857e-10,2.674285380816993e-07,1.3326073873965298e-14,0.0049955485227956755,4.599207629807039e-06,5.494742097897418e-06
39.93993993993994,8.089429943697857e-10,2.674285615656333e-07,1.332609169734981e-14,0.004995408093336127,4.59920674325211e-06,5.5286113352549154e-06
40.24024024024024,8.089429943697858e-10,2.6742858435607053e-07,1.3326108993498423e-14,0.004995271818298176,4.599205882864962e-06,5.562379015754983e-06
40.54054054054054,8.089429943697857e-10,2.6742860647347287e-07,1.3326125778020799e-14,0.0049951395746625875,4.599205047815355e-06,5.596045443915956e-06
40.84084084084084,8.089429943697856e-10,2.674286279376687e-07,1.3326142066038811e-14,0.004995011243255565,4.599204237371729e-06,5.6296109233426166e-06
41.14114114114114,8.089429943697856e-10,2.6742864876790003e-07,1.3326157872223875e-14,0.0049948867084544536,4.5992034508494415e-06,5.663075756729347e-06
41.44144144144144,8.089429943697856e-10,2.6742866898288633e-07,1.3326173210848382e-14,0.004994765857782392,4.599202687523911e-06,5.696440245863511e-06
41.74174174174174,8.089429943697856e-10,2.674286886007788e-07,1.332618809574788e-14,0.004994648582206098,4.599201946725162e-06,5.7297046916273e-06
42.04204204204204,8.089429943697856e-10,2.674287076391495e-07,1.332620254031251e-14,0.004994534776203384,4.5992012277725e-06,5.762869394000025e-06
42.34234234234234,8.089429943697855e-10,2.674287261151188e-07,1.3326216557588444e-14,0.004994424336963656,4.5992005300643575e-06,5.7959346520625125e-06
42.64264264264264,8.089429943697856e-10,2.6742874404529265e-07,1.3326230160227183e-14,0.004994317164787395,4.599199853012967e-06,5.82890076399863e-06
42.94294294294294,8.089429943697857e-10,2.674287614457347e-07,1.332624336046297e-14,0.004994213163264002,4.599199195955425e-06,5.861768027097254e-06
43.24324324324324,8.089429943697856e-10,2.674287783320908e-07,1.3326256170212357e-14,0.004994112238487226,4.599198558326537e-06,5.894536737756766e-06
43.54354354354354,8.089429943697856e-10,2.674287947195436e-07,1.3326268601036847e-14,0.004994014299349394,4.5991979395561646e-06,5.927207191486747e-06
43.84384384384384,8.089429943697855e-10,2.674288106228037e-07,1.3326280664136092e-14,0.004993919257595,4.599197339086542e-06,5.959779682910243e-06
44.14414414414414,8.089429943697855e-10,2.6742882605614694e-07,1.3326292370377032e-14,0.004993827027591001,4.599196756370551e-06,5.992254505766854e-06
44.44444444444444,8.089429943697855e-10,2.67428841033461e-07,1.3326303730330626e-14,0.004993737526037318,4.599196190863328e-06,6.024631952915988e-06
44.74474474474474,8.089429943697856e-10,2.674288555682101e-07,1.3326314754243937e-14,0.004993650672186748,4.599195642042958e-06,6.056912316338643e-06
45.04504504504504,8.089429943697856e-10,2.6742886967342934e-07,1.3326325452034741e-14,0.004993566387887405,4.599195109448998e-06,6.089095887139672e-06
45.34534534534534,8.089429943697857e-10,2.6742888336181757e-07,1.3326335833365568e-14,0.004993484596999279,4.599194592577729e-06,6.121182955552008e-06
45.645645645645644,8.089429943697857e-10,2.6742889664569176e-07,1.332634590760668e-14,0.004993405225685841,4.599194090960201e-06,6.153173810938163e-06
45.945945945945944,8.089429943697857e-10,2.6742890953696486e-07,1.3326355683818983e-14,0.004993328202548654,4.5991936041556745e-06,6.185068741792124e-06
46.246246246246244,8.089429943697858e-10,2.6742892204724153e-07,1.3326365170829014e-14,0.004993253458036555,4.59919313173052e-06,6.2168680357437575e-06
46.546546546546544,8.089429943697857e-10,2.674289341877812e-07,1.3326374377199518e-14,0.004993180924677359,4.599192673271317e-06,6.248571979560399e-06
46.846846846846844,8.089429943697856e-10,2.674289459694929e-07,1.3326383311225097e-14,0.004993110537112133,4.599192228362887e-06,6.280180859149072e-06
47.147147147147145,8.089429943697856e-10,2.6742895740296415e-07,1.3326391980954722e-14,0.0049930422319178136,4.599191796600771e-06,6.31169495955951e-06
47.447447447447445,8.089429943697856e-10,2.674289684984934e-07,1.3326400394217611e-14,0.00499297594740321,4.599191377609041e-06,6.343114564987281e-06
47.747747747747745,8.089429943697857e-10,2.674289792660646e-07,1.3326408558602959e-14,0.004992911623768754,4.5991909710134106e-06,6.3744399587755245e-06
48.048048048048045,8.089429943697857e-10,2.674289897153409e-07,1.3326416481456415e-14,0.004992849203134188,4.599190576439043e-06,6.40567142341717e-06
48.34834834834835,8.089429943697857e-10,2.674289998557386e-07,1.3326424169934457e-14,0.004992788629110108,4.599190193531187e-06,6.4368092405590125e-06
48.64864864864865,8.089429943697856e-10,2.6742900969638937e-07,1.3326431630977126e-14,0.004992729847012783,4.599189821938115e-06,6.467853691003177e-06
48.94894894894895,8.089429943697855e-10,2.674290192461261e-07,1.3326438871294782e-14,0.00499267280396848,4.599189461335725e-06,6.498805054708945e-06
49.24924924924925,8.089429943697856e-10,2.67429028513553e-07,1.3326445897425195e-14,0.004992617448463583,4.599189111390861e-06,6.5296636107970684e-06
49.54954954954955,8.089429943697856e-10,2.6742903750701694e-07,1.3326452715710081e-14,0.00499256373052951,4.599188771782928e-06,6.560429637551268e-06
49.84984984984985,8.089429943697857e-10,2.6742904623460466e-07,1.332645933229242e-14,0.0049925116017637714,4.599188442208828e-06,6.591103412420395e-06
50.150150150150154,8.089429943697858e-10,2.6742905470416423e-07,1.3326465753133837e-14,0.004992461015193031,4.599188122376091e-06,6.621685212021397e-06
50.450450450450454,8.089429943697856e-10,2.674290629233298e-07,1.3326471984032794e-14,0.004992411925129721,4.599187811995578e-06,6.652175312142308e-06
50.750750750750754,8.089429943697857e-10,2.674290708995017e-07,1.3326478030609887e-14,0.004992364287287918,4.599187510789637e-06,6.682573987743947e-06
51.051051051051054,8.089429943697857e-10,2.6742907863984413e-07,1.3326483898305702e-14,0.0049923180588001504,4.599187218485283e-06,6.712881512962093e-06
51.351351351351354,8.089429943697856e-10,2.674290861513365e-07,1.332648959242048e-14,0.004992273197904972,4.599186934824093e-06,6.743098161111407e-06
51.651651651651655,8.089429943697857e-10,2.674290934407476e-07,1.3326495118094221e-14,0.004992229664103589,4.599186659554459e-06,6.773224204686881e-06
51.951951951951955,8.089429943697857e-10,2.6742910051462315e-07,1.3326500480296483e-14,0.004992187418240298,4.599186392422971e-06,6.803259915365573e-06
52.252252252252255,8.089429943697857e-10,2.674291073793409e-07,1.3326505683869686e-14,0.00499214642216122,4.5991861331917025e-06,6.833205564010854e-06
52.552552552552555,8.089429943697858e-10,2.6742911404108737e-07,1.3326510733510562e-14,0.00499210663886053,4.5991858816267975e-06,6.863061420673806e-06
52.852852852852855,8.089429943697858e-10,2.674291205058554e-07,1.3326515633768536e-14,0.0049920680324931355,4.599185637501874e-06,6.892827754595332e-06
53.153153153153156,8.089429943697858e-10,2.6742912677946207e-07,1.3326520389059148e-14,0.004992030568268932,4.5991854005965606e-06,6.922504834209063e-06
53.453453453453456,8.089429943697858e-10,2.674291328675647e-07,1.3326525003676823e-14,0.00499199421235217,4.599185170694837e-06,6.952092927144221e-06
53.753753753753756,8.089429943697859e-10,2.674291387756475e-07,1.3326529481784167e-14,0.004991958931945816,4.599184947588374e-06,6.9815923002272935e-06
54.054054054054056,8.089429943697857e-10,2.674291445090201e-07,1.3326533827410704e-14,0.004991924695301432,4.599184731079946e-06,7.011003219484133e-06
54.354354354354356,8.089429943697857e-10,2.674291500728547e-07,1.3326538044481882e-14,0.004991891471490738,4.5991845209719116e-06,7.040325950143773e-06
54.65465465465466,8.089429943697857e-10,2.674291554721672e-07,1.33265421368045e-14,0.004991859230520301,4.599184317074694e-06,7.069560756639816e-06
54.95495495495496,8.089429943697857e-10,2.6742916071180777e-07,1.3326546108058872e-14,0.004991827943393331,4.599184119205796e-06,7.0987079026121215e-06
55.25525525525526,8.089429943697857e-10,2.6742916579650314e-07,1.3326549961831665e-14,0.004991797581850951,4.59918392718742e-06,7.1277676509109635e-06
55.55555555555556,8.089429943697858e-10,2.6742917073083735e-07,1.3326553701601276e-14,0.004991768118487404,4.599183740847801e-06,7.156740263598331e-06
55.85585585585586,8.089429943697858e-10,2.674291755192509e-07,1.3326557330736933e-14,0.004991739526757125,4.599183560018746e-06,7.185626001949998e-06
56.15615615615616,8.089429943697858e-10,2.674291801660543e-07,1.3326560852509023e-14,0.004991711780893287,4.599183384537053e-06,7.214425126458376e-06
56.45645645645646,8.089429943697858e-10,2.674291846754396e-07,1.3326564270098027e-14,0.00499168485583757,4.599183214245666e-06,7.243137896835247e-06
56.75675675675676,8.089429943697858e-10,2.6742918905147025e-07,1.3326567586586736e-14,0.004991658727301352,4.5991830489913185e-06,7.2717645720133994e-06
57.05705705705706,8.089429943697857e-10,2.674291932980805e-07,1.3326570804959561e-14,0.004991633371771098,4.599182888624583e-06,7.300305410148688e-06
57.35735735735736,8.089429943697857e-10,2.6742919741910254e-07,1.3326573928123732e-14,0.004991608766341518,4.599182733000652e-06,7.328760668623714e-06
57.65765765765766,8.089429943697857e-10,2.674292014182531e-07,1.3326576958898634e-14,0.004991584888799428,4.599182581978372e-06,7.35713060404918e-06
57.95795795795796,8.089429943697857e-10,2.6742920529912554e-07,1.3326579900009776e-14,0.004991561717671291,4.599182435423253e-06,7.385415472265516e-06
58.25825825825826,8.089429943697857e-10,2.674292090652219e-07,1.3326582754113701e-14,0.004991539232026953,4.599182293202037e-06,7.413615528346951e-06
58.55855855855856,8.089429943697857e-10,2.6742921271993873e-07,1.33265855237865e-14,0.004991517411570248,4.599182155185988e-06,7.441731026602731e-06
58.85885885885886,8.089429943697856e-10,2.674292162665658e-07,1.332658821152334e-14,0.004991496236642525,4.599182021251146e-06,7.469762220579144e-06
59.15915915915916,8.089429943697857e-10,2.674292197082967e-07,1.332659081974644e-14,0.004991475688159921,4.599181891277269e-06,7.497709363062304e-06
59.45945945945946,8.089429943697857e-10,2.6742922304823736e-07,1.3326593350811263e-14,0.004991455747564561,4.599181765147081e-06,7.5255727060807784e-06
59.75975975975976,8.089429943697857e-10,2.674292262893981e-07,1.3326595807000883e-14,0.004991436396868932,4.5991816427471e-06,7.553352500907182e-06
60.06006006006006,8.089429943697857e-10,2.6742922943469367e-07,1.3326598190525661e-14,0.004991417618658422,4.599181523966943e-06,7.581048998060199e-06
60.36036036036036,8.089429943697858e-10,2.674292324869634e-07,1.3326600503538702e-14,0.0049913993959695355,4.599181408699961e-06,7.608662447308119e-06
60.66066066066066,8.089429943697858e-10,2.6742923544896075e-07,1.3326602748128077e-14,0.004991381712351169,4.5991812968425766e-06,7.636193097670179e-06
60.96096096096096,8.089429943697857e-10,2.674292383233474e-07,1.3326604926312196e-14,0.004991364551901105,4.5991811882935925e-06,7.663641197418112e-06
61.26126126126126,8.089429943697858e-10,2.674292411127183e-07,1.3326607040058677e-14,0.004991347899117268,4.59918108295534e-06,7.691006994080147e-06
61.56156156156156,8.089429943697857e-10,2.6742924381958936e-07,1.3326609091275348e-14,0.004991331738968729,4.599180980732719e-06,7.71829073444214e-06
61.86186186186186,8.089429943697856e-10,2.6742924644639766e-07,1.3326611081810063e-14,0.004991316056897024,4.5991808815337175e-06,7.745492664549555e-06
62.16216216216216,8.089429943697857e-10,2.6742924899550944e-07,1.3326613013456834e-14,0.0049913008387679385,4.599180785268918e-06,7.772613029710195e-06
62.46246246246246,8.089429943697856e-10,2.6742925146922527e-07,1.3326614887960107e-14,0.0049912860708377395,4.599180691851165e-06,7.799652074496708e-06
62.76276276276276,8.089429943697857e-10,2.6742925386977536e-07,1.3326616707010694e-14,0.004991271739785355,4.599180601196139e-06,7.826610042748148e-06
63.06306306306306,8.089429943697859e-10,2.6742925619931877e-07,1.3326618472245647e-14,0.0049912578327131595,4.599180513222628e-06,7.853487177571972e-06
63.36336336336336,8.089429943697858e-10,2.6742925845995876e-07,1.332662018525957e-14,0.004991244337058104,4.599180427850993e-06,7.880283721347408e-06
63.66366366366366,8.089429943697859e-10,2.674292606537352e-07,1.3326621847598882e-14,0.004991231240636649,4.599180345004212e-06,7.90699991572681e-06
63.96396396396396,8.089429943697859e-10,2.674292627826197e-07,1.3326623460758396e-14,0.004991218531671925,4.599180264607858e-06,7.933636001637132e-06
64.26426426426427,8.089429943697858e-10,2.674292648485347e-07,1.3326625026195401e-14,0.004991206198682694,4.59918018658944e-06,7.960192219283835e-06
64.56456456456456,8.089429943697858e-10,2.674292668533439e-07,1.3326626545322826e-14,0.004991194230537185,4.59918011087872e-06,7.986668808151955e-06
64.86486486486487,8.089429943697857e-10,2.674292687988524e-07,1.3326628019509142e-14,0.004991182616453958,4.599180037407457e-06,8.013066007008034e-06
65.16516516516516,8.089429943697857e-10,2.67429270686813e-07,1.3326629450083073e-14,0.004991171345964672,4.599179966109426e-06,8.039384053902794e-06
65.46546546546547,8.089429943697857e-10,2.674292725189301e-07,1.3326630838336549e-14,0.004991160408890899,4.599179896920381e-06,8.065623186173545e-06
65.76576576576576,8.089429943697858e-10,2.6742927429685537e-07,1.3326632185521748e-14,0.004991149795367414,4.599179829777955e-06,8.091783640445692e-06
66.06606606606607,8.089429943697858e-10,2.674292760221883e-07,1.3326633492851119e-14,0.004991139495841956,4.599179764621668e-06,8.117865652634698e-06
66.36636636636636,8.089429943697858e-10,2.6742927769648695e-07,1.3326634761505625e-14,0.0049911295010104245,4.599179701392663e-06,8.143869457949351e-06
66.66666666666667,8.089429943697857e-10,2.6742927932126206e-07,1.3326635992630524e-14,0.004991119801849908,4.599179640033792e-06,8.169795290893043e-06
66.96696696696696,8.089429943697857e-10,2.6742928089797424e-07,1.3326637187332904e-14,0.004991110389638358,4.599179580490043e-06,8.195643385265239e-06
67.26726726726727,8.089429943697858e-10,2.674292824280475e-07,1.332663834669203e-14,0.0049911012558728,4.599179522707531e-06,8.221413974165264e-06
67.56756756756756,8.089429943697858e-10,2.674292839128624e-07,1.3326639471754328e-14,0.00499109239230904,4.599179466634078e-06,8.247107289993319e-06
67.86786786786787,8.089429943697858e-10,2.674292853537558e-07,1.3326640563533247e-14,0.0049910837909627566,4.5991794122192225e-06,8.272723564452364e-06
68.16816816816817,8.089429943697857e-10,2.6742928675202614e-07,1.3326641623012897e-14,0.00499107544408069,4.599179359413968e-06,8.298263028550733e-06
68.46846846846847,8.089429943697857e-10,2.6742928810893576e-07,1.3326642651150071e-14,0.004991067344124834,4.599179308170653e-06,8.323725912604439e-06
68.76876876876877,8.089429943697856e-10,2.674292894257082e-07,1.3326643648872103e-14,0.004991059483789267,4.599179258443095e-06,8.349112446238645e-06
69.06906906906907,8.089429943697856e-10,2.6742929070352823e-07,1.3326644617076969e-14,0.004991051855999381,4.599179210186513e-06,8.374422858389591e-06
69.36936936936937,8.089429943697856e-10,2.674292919435498e-07,1.3326645556639283e-14,0.004991044453864622,4.5991791633573885e-06,8.399657377307736e-06
69.66966966966967,8.089429943697858e-10,2.6742929314689196e-07,1.3326646468407215e-14,0.00499103727070279,4.599179117913503e-06,8.42481623055902e-06
69.96996996996997,8.089429943697859e-10,2.6742929431463673e-07,1.332664735320068e-14,0.00499103030005426,4.5991790738139315e-06,8.449899645026276e-06
70.27027027027027,8.089429943697858e-10,2.674292954478385e-07,1.332664821181899e-14,0.004991023535621751,4.599179031018876e-06,8.474907846912906e-06
70.57057057057057,8.089429943697858e-10,2.6742929654752013e-07,1.3326649045037133e-14,0.0049910169712996085,4.599178989489705e-06,8.49984106174388e-06
70.87087087087087,8.089429943697858e-10,2.6742929761467164e-07,1.3326649853605631e-14,0.004991010601174952,4.59917894918903e-06,8.524699514367542e-06
71.17117117117117,8.089429943697856e-10,2.6742929865025486e-07,1.3326650638253363e-14,0.00499100441950542,4.599178910080521e-06,8.549483428958166e-06
71.47147147147147,8.089429943697856e-10,2.6742929965520487e-07,1.3326651399688916e-14,0.004990998420708458,4.599178872128841e-06,8.57419302901819e-06
71.77177177177177,8.089429943697857e-10,2.6742930063042773e-07,1.3326652138599054e-14,0.004990992599373509,4.5991788352997585e-06,8.598828537379636e-06
72.07207207207207,8.089429943697857e-10,2.67429301576801e-07,1.3326652855648845e-14,0.004990986950260954,4.599178799560167e-06,8.623390176205983e-06
72.37237237237237,8.089429943697857e-10,2.6742930249517955e-07,1.332665355148602e-14,0.0049909814682677035,4.59917876487777e-06,8.647878166995221e-06
72.67267267267268,8.089429943697857e-10,2.6742930338639215e-07,1.3326654226738721e-14,0.004990976148445044,4.599178731221269e-06,8.672292730581055e-06
72.97297297297297,8.089429943697857e-10,2.674293042512401e-07,1.332665488201419e-14,0.004990970986008917,4.599178698560401e-06,8.696634087134324e-06
73.27327327327328,8.089429943697857e-10,2.6742930509050454e-07,1.3326655517904398e-14,0.0049909659762955765,4.599178666865683e-06,8.720902456166504e-06
73.57357357357357,8.089429943697857e-10,2.674293059049427e-07,1.3326656134983303e-14,0.0049909611147831694,4.599178636108527e-06,8.745098056530733e-06
73.87387387387388,8.089429943697857e-10,2.674293066952883e-07,1.3326656733806715e-14,0.004990956397092849,4.5991786062612254e-06,8.76922110642351e-06
74.17417417417417,8.089429943697857e-10,2.6742930746225355e-07,1.332665731491447e-14,0.0049909518189715915,4.599178577296875e-06,8.793271823387247e-06
74.47447447447448,8.089429943697857e-10,2.6742930820653097e-07,1.3326657878831344e-14,0.004990947376285034,4.599178549189335e-06,8.817250424312365e-06
74.77477477477477,8.089429943697857e-10,2.674293089287918e-07,1.3326658426065939e-14,0.004990943065026271,4.599178521913256e-06,8.841157125438705e-06
75.07507507507508,8.089429943697857e-10,2.6742930962968576e-07,1.3326658957110815e-14,0.0049909388813147194,4.59917849544409e-06,8.864992142357358e-06
75.37537537537537,8.089429943697857e-10,2.674293103098463e-07,1.3326659472445684e-14,0.004990934821371071,4.599178469757922e-06,8.888755690013602e-06
75.67567567567568,8.089429943697857e-10,2.674293109698869e-07,1.3326659972535732e-14,0.004990930881530399,4.599178444831561e-06,8.912447982708082e-06
75.97597597597597,8.089429943697857e-10,2.6742931161040127e-07,1.3326660457830697e-14,0.0049909270582495875,4.599178420642612e-06,8.936069234098186e-06
76.27627627627628,8.089429943697857e-10,2.6742931223196797e-07,1.3326660928768989e-14,0.00499092334807468,4.599178397169211e-06,8.959619657201456e-06
76.57657657657657,8.089429943697857e-10,2.6742931283514786e-07,1.3326661385775681e-14,0.004990919747656787,4.599178374390171e-06,8.983099464396562e-06
76.87687687687688,8.089429943697858e-10,2.674293134204842e-07,1.3326661829262388e-14,0.004990916253753109,4.599178352284984e-06,9.006508867424953e-06
77.17717717717719,8.089429943697857e-10,2.6742931398850466e-07,1.3326662259628937e-14,0.004990912863213687,4.5991783308337226e-06,9.029848077393367e-06
77.47747747747748,8.089429943697858e-10,2.6742931453972215e-07,1.3326662677263967e-14,0.004990909572976667,4.5991783100170265e-06,9.053117304775817e-06
77.77777777777779,8.089429943697858e-10,2.6742931507463367e-07,1.3326663082544135e-14,0.004990906380074646,4.59917828981612e-06,9.076316759414984e-06
78.07807807807808,8.089429943697858e-10,2.674293155937206e-07,1.3326663475834248e-14,0.004990903281633576,4.599178270212821e-06,9.099446650524004e-06
78.37837837837839,8.089429943697859e-10,2.6742931609745184e-07,1.3326663857489573e-14,0.00499090027485453,4.59917825118943e-06,9.122507186689294e-06
78.67867867867868,8.089429943697858e-10,2.6742931658628197e-07,1.3326664227854626e-14,0.004990897357023334,4.5991782327287784e-06,9.145498575871716e-06
78.97897897897899,8.089429943697858e-10,2.6742931706065075e-07,1.3326664587262483e-14,0.00499089452551592,4.599178214814262e-06,9.168421025407896e-06
79.27927927927928,8.089429943697857e-10,2.674293175209864e-07,1.3326664936037826e-14,0.0049908917777743,4.599178197429701e-06,9.191274742013556e-06
79.57957957957959,8.089429943697857e-10,2.6742931796770477e-07,1.3326665274495473e-14,0.0049908891113182845,4.599178180559402e-06,9.214059931784433e-06
79.87987987987988,8.089429943697858e-10,2.6742931840120787e-07,1.3326665602940246e-14,0.004990886523746385,4.599178164188173e-06,9.236776800197899e-06
80.18018018018019,8.089429943697857e-10,2.674293188218865e-07,1.3326665921668273e-14,0.004990884012725612,4.59917814830126e-06,9.259425552115397e-06
80.48048048048048,8.089429943697857e-10,2.6742931923012077e-07,1.332666623096738e-14,0.0049908815759884,4.599178132884309e-06,9.28200639178436e-06
80.78078078078079,8.089429943697858e-10,2.674293196262784e-07,1.3326666531116507e-14,0.004990879211337176,4.599178117923419e-06,9.30451952283956e-06
81.08108108108108,8.089429943697857e-10,2.674293200107163e-07,1.3326666822385835e-14,0.0049908769166433515,4.599178103405127e-06,9.326965148304856e-06
81.38138138138139,8.089429943697857e-10,2.674293203837816e-07,1.332666710503848e-14,0.00499087468983406,4.599178089316318e-06,9.349343470595928e-06
81.68168168168168,8.089429943697857e-10,2.6742932074581106e-07,1.3326667379329578e-14,0.004990872528899241,4.599178075644277e-06,9.371654691521403e-06
81.98198198198199,8.089429943697857e-10,2.6742932109713015e-07,1.332666764550581e-14,0.0049908704318954835,4.599178062376706e-06,9.393899012284142e-06
82.28228228228228,8.089429943697857e-10,2.674293214380563e-07,1.3326667903807638e-14,0.004990868396928346,4.599178049501625e-06,9.41607663348447e-06
82.58258258258259,8.089429943697858e-10,2.674293217688972e-07,1.3326668154468214e-14,0.004990866422161,4.5991780370074156e-06,9.43818775512107e-06
82.88288288288288,8.089429943697859e-10,2.674293220899508e-07,1.3326668397713277e-14,0.004990864505815,4.599178024882822e-06,9.460232576592545e-06
83.18318318318319,8.089429943697859e-10,2.6742932240150657e-07,1.3326668633762157e-14,0.004990862646162437,4.599178013116915e-06,9.48221129669981e-06
83.48348348348348,8.089429943697858e-10,2.6742932270384577e-07,1.332666886282801e-14,0.004990860841523987,4.599178001699071e-06,9.50412411364791e-06
83.78378378378379,8.089429943697857e-10,2.6742932299724104e-07,1.3326669085117409e-14,0.004990859090272187,4.599177990618993e-06,9.525971225047368e-06
84.08408408408408,8.089429943697857e-10,2.6742932328195655e-07,1.3326669300830462e-14,0.004990857390830553,4.5991779798667085e-06,9.54775282791587e-06
84.38438438438439,8.089429943697857e-10,2.6742932355824933e-07,1.3326669510162027e-14,0.004990855741663942,4.5991779694325035e-06,9.569469118680909e-06
84.68468468468468,8.089429943697857e-10,2.67429323826369e-07,1.3326669713301056e-14,0.004990854141283736,4.5991779593069615e-06,9.591120293180876e-06
84.98498498498499,8.089429943697857e-10,2.674293240865565e-07,1.3326669910430243e-14,0.004990852588250626,4.5991779494809736e-06,9.612706546666335e-06
85.28528528528528,8.089429943697856e-10,2.6742932433904684e-07,1.3326670101727672e-14,0.004990851081161597,4.599177939945667e-06,9.63422807380313e-06
85.58558558558559,8.089429943697856e-10,2.6742932458406806e-07,1.3326670287366017e-14,0.0049908496186562915,4.5991779306924335e-06,9.655685068673252e-06
85.88588588588588,8.089429943697856e-10,2.6742932482184064e-07,1.3326670467512453e-14,0.004990848199417664,4.5991779217129415e-06,9.677077724776377e-06
86.18618618618619,8.089429943697857e-10,2.6742932505257914e-07,1.332667064232942e-14,0.004990846822165955,4.5991779129990934e-06,9.698406235032173e-06
86.48648648648648,8.089429943697857e-10,2.6742932527649177e-07,1.332667081197478e-14,0.004990845485657479,4.599177904543021e-06,9.719670791782073e-06
86.78678678678679,8.089429943697858e-10,2.674293254937805e-07,1.3326670976601521e-14,0.004990844188686985,4.599177896337103e-06,9.740871586790554e-06
87.08708708708708,8.089429943697859e-10,2.6742932570464104e-07,1.3326671136357845e-14,0.004990842930086892,4.5991778883739475e-06,9.762008811246814e-06
87.38738738738739,8.089429943697858e-10,2.6742932590926355e-07,1.3326671291388059e-14,0.004990841708720281,4.599177880646364e-06,9.783082655767314e-06
87.68768768768768,8.089429943697857e-10,2.6742932610783306e-07,1.33266714418321e-14,0.004990840523484715,4.59917787314738e-06,9.80409331039683e-06
87.98798798798799,8.089429943697856e-10,2.674293263005278e-07,1.3326671587825271e-14,0.0049908393733142245,4.599177865870247e-06,9.82504096460972e-06
88.28828828828829,8.089429943697856e-10,2.6742932648752225e-07,1.3326671729499464e-14,0.004990838257169742,4.599177858808394e-06,9.845925807312906e-06
88.58858858858859,8.089429943697856e-10,2.67429326668985e-07,1.3326671866982563e-14,0.004990837174043787,4.599177851955446e-06,9.86674802684674e-06
88.88888888888889,8.089429943697856e-10,2.6742932684507937e-07,1.3326672000398363e-14,0.004990836122961007,4.5991778453052325e-06,9.887507810986465e-06
89.1891891891892,8.089429943697856e-10,2.674293270159642e-07,1.3326672129867184e-14,0.004990835102973559,4.599177838851757e-06,9.908205346944498e-06
89.48948948948949,8.089429943697856e-10,2.6742932718179386e-07,1.3326672255505933e-14,0.004990834113160388,4.599177832589191e-06,9.928840821372118e-06
89.7897897897898,8.089429943697856e-10,2.674293273427178e-07,1.3326672377427903e-14,0.004990833152628919,4.599177826511888e-06,9.949414420360712e-06
90.09009009009009,8.089429943697857e-10,2.674293274988809e-07,1.332667249574286e-14,0.004990832220514415,4.599177820614376e-06,9.969926329443416e-06
90.3903903903904,8.089429943697857e-10,2.6742932765042427e-07,1.3326672610557679e-14,0.0049908313159748785,4.599177814891331e-06,9.990376733597573e-06
90.69069069069069,8.089429943697858e-10,2.674293277974847e-07,1.3326672721975992e-14,0.0049908304381938735,4.599177809337586e-06,1.001076581724574e-05
90.990990990991,8.089429943697858e-10,2.674293279401943e-07,1.3326672830098008e-14,0.004990829586381928,4.599177803948145e-06,1.0031093764256944e-05
91.29129129129129,8.089429943697858e-10,2.674293280786822e-07,1.3326672935021404e-14,0.00499082875976951,4.599177798718141e-06,1.0051360757949554e-05
91.5915915915916,8.089429943697857e-10,2.674293282130733e-07,1.332667303684089e-14,0.00499082795761048,4.599177793642852e-06,1.0071566981092146e-05
91.89189189189189,8.089429943697858e-10,2.674293283434887e-07,1.3326673135648147e-14,0.004990827179182535,4.599177788717709e-06,1.0091712615904876e-05
92.1921921921922,8.089429943697857e-10,2.6742932847004574e-07,1.3326673231532283e-14,0.004990826423783658,4.59917778393827e-06,1.011179784406176e-05
92.49249249249249,8.089429943697857e-10,2.6742932859285896e-07,1.3326673324579884e-14,0.004990825690731732,4.5991777793002206e-06,1.0131822846692249e-05
92.7927927927928,8.089429943697856e-10,2.67429328712039e-07,1.332667341487485e-14,0.004990824979365742,4.599177774799377e-06,1.0151787804382476e-05
93.09309309309309,8.089429943697856e-10,2.674293288276932e-07,1.3326673502498477e-14,0.004990824289045237,4.5991777704316865e-06,1.0171692897176843e-05
93.3933933933934,8.089429943697856e-10,2.67429328939926e-07,1.3326673587529915e-14,0.004990823619146649,4.599177766193207e-06,1.0191538304580388e-05
93.69369369369369,8.089429943697856e-10,2.674293290488386e-07,1.3326673670045911e-14,0.004990822969065336,4.59917776208011e-06,1.0211324205559788e-05
93.993993993994,8.089429943697856e-10,2.6742932915452926e-07,1.3326673750120681e-14,0.0049908223382166056,4.599177758088697e-06,1.0231050778544558e-05
94.29429429429429,8.089429943697856e-10,2.674293292570931e-07,1.3326673827826565e-14,0.004990821726030549,4.599177754215364e-06,1.025071820142985e-05
94.5945945945946,8.089429943697857e-10,2.674293293566229e-07,1.3326673903233704e-14,0.004990821131954574,4.5991777504566125e-06,1.0270326651577288e-05
94.89489489489489,8.089429943697857e-10,2.674293294532082e-07,1.3326673976409994e-14,0.0049908205554537715,4.59917774680906e-06,1.0289876305816286e-05
95.1951951951952,8.089429943697857e-10,2.6742932954693606e-07,1.3326674047421439e-14,0.004990819996008197,4.599177743269415e-06,1.0309367340446306e-05
95.49549549549549,8.089429943697857e-10,2.6742932963789136e-07,1.3326674116332151e-14,0.004990819453112686,4.599177739834482e-06,1.0328799931238328e-05
95.7957957957958,8.089429943697855e-10,2.674293297261559e-07,1.3326674183204272e-14,0.00499081892627771,4.5991777365011645e-06,1.0348174253436087e-05
96.09609609609609,8.089429943697855e-10,2.6742932981180925e-07,1.332667424809801e-14,0.004990818415028936,4.599177733266463e-06,1.036749048175763e-05
96.3963963963964,8.089429943697856e-10,2.674293298949286e-07,1.3326674311071978e-14,0.004990817918904552,4.599177730127452e-06,1.0386748790397592e-05
96.6966966966967,8.089429943697857e-10,2.6742932997558916e-07,1.3326674372183022e-14,0.004990817437456775,4.599177727081301e-06,1.0405949353028163e-05
96.996996996997,8.089429943697856e-10,2.6742933005386326e-07,1.3326674431486101e-14,0.004990816970252575,4.599177724125268e-06,1.0425092342800269e-05
97.2972972972973,8.089429943697857e-10,2.6742933012982195e-07,1.3326674489034793e-14,0.004990816516869876,4.599177721256686e-06,1.0444177932346288e-05
97.5975975975976,8.089429943697857e-10,2.6742933020353345e-07,1.3326674544881045e-14,0.0049908160768994325,4.599177718472963e-06,1.0463206293780845e-05
97.8978978978979,8.089429943697857e-10,2.674293302750643e-07,1.3326674599075134e-14,0.00499081564994511,4.599177715771593e-06,1.0482177598702096e-05
98.1981981981982,8.089429943697857e-10,2.67429330344479e-07,1.3326674651665947e-14,0.004990815235621818,4.59917771315014e-06,1.0501092018193932e-05
98.4984984984985,8.089429943697857e-10,2.6742933041184024e-07,1.3326674702700967e-14,0.004990814833555435,4.5991777106062365e-06,1.05199497228274e-05
98.7987987987988,8.089429943697856e-10,2.674293304772087e-07,1.3326674752226214e-14,0.004990814443383435,4.5991777081375895e-06,1.0538750882661878e-05
99.0990990990991,8.089429943697856e-10,2.674293305406433e-07,1.3326674800286275e-14,0.004990814064754512,4.599177705741975e-06,1.0557495667246641e-05
99.3993993993994,8.089429943697856e-10,2.6742933060220126e-07,1.3326674846924567e-14,0.004990813697326652,4.599177703417231e-06,1.0576184245623004e-05
99.6996996996997,8.089429943697856e-10,2.6742933066193837e-07,1.3326674892183178e-14,0.004990813340768238,4.599177701161258e-06,1.0594816786325311e-05
100.0,8.089429943697855e-10,2.6742933071990803e-07,1.332667493610282e-14,0.004990812994758561,4.599177698972028e-06,1.061339345738206e-05
100.30030030030031,8.089429943697857e-10,2.674293307761627e-07,1.332667497872317e-14,0.004990812658985036,4.599177696847563e-06,1.0631914426318542e-05
100.6006006006006,8.089429943697858e-10,2.674293308307533e-07,1.3326675020082695e-14,0.004990812333144571,4.599177694785945e-06,1.0650379860157606e-05
100.90090090090091,8.089429943697858e-10,2.674293308837289e-07,1.3326675060218638e-14,0.00499081201694381,4.599177692785317e-06,1.0668789925420915e-05
101.2012012012012,8.089429943697858e-10,2.674293309351372e-07,1.33266750991672e-14,0.004990811710097533,4.599177690843875e-06,1.0687144788131084e-05
101.50150150150151,8.089429943697858e-10,2.674293309850248e-07,1.3326675136963547e-14,0.004990811412328676,4.599177688959868e-06,1.0705444613813055e-05
101.8018018018018,8.089429943697856e-10,2.674293310334366e-07,1.3326675173641758e-14,0.004990811123368761,4.599177687131594e-06,1.0723689567495234e-05
102.10210210210211,8.089429943697855e-10,2.67429331080416e-07,1.3326675209234861e-14,0.004990810842957601,4.599177685357411e-06,1.0741879813711009e-05
102.4024024024024,8.089429943697856e-10,2.6742933112600564e-07,1.3326675243775008e-14,0.004990810570841906,4.5991776836357105e-06,1.0760015516500853e-05
102.70270270270271,8.089429943697857e-10,2.6742933117024665e-07,1.3326675277293368e-14,0.004990810306776085,4.599177681964945e-06,1.0778096839413252e-05
103.003003003003,8.089429943697859e-10,2.674293312131788e-07,1.3326675309820091e-14,0.0049908100505226165,4.599177680343607e-06,1.0796123945505822e-05
103.30330330330331,8.08942994369786e-10,2.674293312548409e-07,1.3326675341384562e-14,0.004990809801850003,4.599177678770233e-06,1.0814096997347839e-05
103.6036036036036,8.089429943697859e-10,2.674293312952705e-07,1.3326675372015277e-14,0.004990809560533774,4.599177677243404e-06,1.0832016157021022e-05
103.90390390390391,8.089429943697857e-10,2.674293313345041e-07,1.3326675401739807e-14,0.004990809326356682,4.599177675761744e-06,1.0849881586120717e-05
104.2042042042042,8.089429943697856e-10,2.674293313725771e-07,1.3326675430584966e-14,0.004990809099107481,4.599177674323918e-06,1.0867693445757994e-05
104.50450450450451,8.089429943697856e-10,2.6742933140952356e-07,1.3326675458576801e-14,0.004990808878580982,4.599177672928628e-06,1.0885451896560971e-05
104.8048048048048,8.089429943697855e-10,2.6742933144537703e-07,1.3326675485740548e-14,0.004990808664578355,4.5991776715746135e-06,1.0903157098675911e-05
105.10510510510511,8.089429943697856e-10,2.674293314801699e-07,1.3326675512100668e-14,0.004990808456906902,4.599177670260657e-06,1.0920809211768722e-05
105.4054054054054,8.089429943697855e-10,2.6742933151393344e-07,1.3326675537680972e-14,0.004990808255379039,4.599177668985573e-06,1.0938408395026965e-05
105.70570570570571,8.089429943697856e-10,2.6742933154669837e-07,1.3326675562504544e-14,0.004990808059812885,4.599177667748208e-06,1.0955954807160764e-05
106.006006006006,8.089429943697856e-10,2.6742933157849377e-07,1.3326675586593715e-14,0.004990807870032529,4.59917766654745e-06,1.0973448606403906e-05
106.30630630630631,8.089429943697857e-10,2.6742933160934863e-07,1.3326675609970245e-14,0.004990807685866523,4.599177665382215e-06,1.0990889950516284e-05
106.6066066066066,8.089429943697857e-10,2.674293316392906e-07,1.3326675632655239e-14,0.004990807507148628,4.5991776642514504e-06,1.1008278996784658e-05
106.90690690690691,8.089429943697857e-10,2.674293316683469e-07,1.3326675654669112e-14,0.004990807333717956,4.599177663154139e-06,1.1025615902023784e-05
107.2072072072072,8.089429943697857e-10,2.674293316965435e-07,1.3326675676031729e-14,0.00499080716541805,4.599177662089289e-06,1.1042900822578507e-05
107.50750750750751,8.089429943697857e-10,2.6742933172390603e-07,1.3326675696762378e-14,0.004990807002096949,4.59917766105594e-06,1.1060133914324973e-05
107.8078078078078,8.089429943697857e-10,2.67429331750459e-07,1.3326675716879748e-14,0.00499080684360741,4.599177660053163e-06,1.1077315332671744e-05
108.10810810810811,8.089429943697857e-10,2.674293317762265e-07,1.3326675736401956e-14,0.004990806689806712,4.59917765908005e-06,1.1094445232561232e-05
108.4084084084084,8.089429943697857e-10,2.6742933180123177e-07,1.3326675755346633e-14,0.004990806540555932,4.599177658135726e-06,1.1111523768471658e-05
108.70870870870871,8.089429943697857e-10,2.6742933182549736e-07,1.3326675773730877e-14,0.004990806395720372,4.599177657219337e-06,1.1128551094417922e-05
109.009009009009,8.089429943697858e-10,2.674293318490449e-07,1.3326675791571227e-14,0.004990806255169754,4.59917765633006e-06,1.1145527363952694e-05
109.30930930930931,8.089429943697858e-10,2.6742933187189587e-07,1.3326675808883799e-14,0.0049908061187771005,4.599177655467091e-06,1.1162452730168759e-05
109.6096096096096,8.089429943697857e-10,2.674293318940708e-07,1.332667582568422e-14,0.004990805986419295,4.599177654629651e-06,1.117932734569976e-05
109.90990990990991,8.089429943697857e-10,2.6742933191558974e-07,1.3326675841987613e-14,0.004990805857977194,4.599177653816985e-06,1.1196151362721311e-05
110.2102102102102,8.089429943697857e-10,2.67429331936472e-07,1.3326675857808689e-14,0.0049908057333349146,4.599177653028361e-06,1.1212924932953008e-05
110.51051051051051,8.089429943697857e-10,2.6742933195673665e-07,1.332667587316173e-14,0.00499080561237992,4.599177652263066e-06,1.1229648207659627e-05
110.8108108108108,8.089429943697857e-10,2.6742933197640163e-07,1.3326675888060578e-14,0.0049908054950031635,4.599177651520413e-06,1.1246321337652171e-05
111.11111111111111,8.089429943697857e-10,2.67429331995485e-07,1.3326675902518652e-14,0.004990805381098944,4.59917765079973e-06,1.126294447328931e-05
111.41141141141141,8.089429943697857e-10,2.6742933201400386e-07,1.3326675916549007e-14,0.004990805270564375,4.599177650100366e-06,1.1279517764479233e-05
111.71171171171171,8.089429943697857e-10,2.6742933203197477e-07,1.3326675930164311e-14,0.004990805163299705,4.5991776494216925e-06,1.129604136068053e-05
112.01201201201201,8.089429943697857e-10,2.6742933204941407e-07,1.3326675943376808e-14,0.004990805059208445,4.599177648763096e-06,1.131251541090322e-05
112.31231231231232,8.089429943697857e-10,2.674293320663374e-07,1.3326675956198434e-14,0.004990804958196557,4.599177648123984e-06,1.1328940063711059e-05
112.61261261261261,8.089429943697857e-10,2.674293320827601e-07,1.3326675968640762e-14,0.004990804860172862,4.599177647503778e-06,1.1345315467222236e-05
112.91291291291292,8.089429943697856e-10,2.67429332098697e-07,1.3326675980714994e-14,0.004990804765049125,4.599177646901921e-06,1.136164176911045e-05
113.21321321321321,8.089429943697857e-10,2.674293321141625e-07,1.3326675992432024e-14,0.004990804672739522,4.59917764631787e-06,1.1377919116606898e-05
113.51351351351352,8.089429943697857e-10,2.6742933212917027e-07,1.3326676003802428e-14,0.004990804583160706,4.599177645751095e-06,1.1394147656501392e-05
113.81381381381381,8.089429943697857e-10,2.674293321437342e-07,1.332667601483646e-14,0.004990804496231921,4.599177645201087e-06,1.1410327535143399e-05
114.11411411411412,8.089429943697857e-10,2.6742933215786727e-07,1.3326676025544057e-14,0.004990804411874884,4.599177644667352e-06,1.1426458898443442e-05
114.41441441441441,8.089429943697857e-10,2.6742933217158216e-07,1.3326676035934885e-14,0.004990804330013396,4.599177644149406e-06,1.1442541891874885e-05
114.71471471471472,8.089429943697856e-10,2.6742933218489127e-07,1.3326676046018328e-14,0.004990804250573585,4.599177643646781e-06,1.1458576660474784e-05
115.01501501501501,8.089429943697856e-10,2.6742933219780683e-07,1.3326676055803453e-14,0.0049908041734839865,4.599177643159027e-06,1.1474563348844916e-05
115.31531531531532,8.089429943697856e-10,2.6742933221034016e-07,1.3326676065299101e-14,0.004990804098674962,4.599177642685704e-06,1.1490502101153984e-05
115.61561561561562,8.089429943697856e-10,2.674293322225027e-07,1.3326676074513845e-14,0.004990804026078981,4.599177642226381e-06,1.1506393061138297e-05
115.91591591591592,8.089429943697856e-10,2.674293322343055e-07,1.3326676083455975e-14,0.004990803955630699,4.599177641780648e-06,1.1522236372102834e-05
116.21621621621622,8.089429943697855e-10,2.6742933224575906e-07,1.3326676092133563e-14,0.004990803887266554,4.599177641348101e-06,1.1538032176923176e-05
116.51651651651652,8.089429943697856e-10,2.674293322568739e-07,1.3326676100554442e-14,0.004990803820924817,4.599177640928349e-06,1.155378061804655e-05
116.81681681681683,8.089429943697858e-10,2.6742933226765994e-07,1.3326676108726205e-14,0.0049908037565456875,4.599177640521015e-06,1.1569481837492877e-05
117.11711711711712,8.089429943697857e-10,2.674293322781268e-07,1.3326676116656208e-14,0.004990803694071183,4.599177640125733e-06,1.1585135976856126e-05
117.41741741741743,8.089429943697858e-10,2.6742933228828403e-07,1.332667612435162e-14,0.004990803633444871,4.599177639742143e-06,1.1600743177306036e-05
117.71771771771772,8.089429943697859e-10,2.674293322981408e-07,1.3326676131819379e-14,0.004990803574612044,4.599177639369902e-06,1.1616303579588934e-05
118.01801801801803,8.089429943697858e-10,2.6742933230770586e-07,1.3326676139066207e-14,0.004990803517519778,4.599177639008673e-06,1.1631817324028762e-05
118.31831831831832,8.089429943697858e-10,2.6742933231698807e-07,1.332667614609865e-14,0.0049908034621164955,4.5991776386581306e-06,1.1647284550529187e-05
118.61861861861863,8.089429943697857e-10,2.674293323259957e-07,1.3326676152923052e-14,0.004990803408352183,4.599177638317958e-06,1.1662705398574289e-05
118.91891891891892,8.089429943697856e-10,2.6742933233473685e-07,1.3326676159545561e-14,0.004990803356178452,4.59917763798785e-06,1.167808000722956e-05
119.21921921921923,8.089429943697856e-10,2.674293323432193e-07,1.3326676165972151e-14,0.004990803305548221,4.599177637667507e-06,1.1693408515143803e-05
119.51951951951952,8.089429943697855e-10,2.6742933235145093e-07,1.3326676172208622e-14,0.0049908032564157795,4.5991776373566416e-06,1.1708691060550154e-05
119.81981981981983,8.089429943697856e-10,2.6742933235943887e-07,1.3326676178260599e-14,0.004990803208736838,4.599177637054971e-06,1.1723927781267065e-05
120.12012012012012,8.089429943697857e-10,2.674293323671906e-07,1.3326676184133529e-14,0.004990803162468454,4.599177636762228e-06,1.1739118814699645e-05
120.42042042042043,8.089429943697856e-10,2.67429332374713e-07,1.3326676189832723e-14,0.004990803117568836,4.599177636478142e-06,1.1754264297841318e-05
120.72072072072072,8.089429943697856e-10,2.674293323820129e-07,1.3326676195363318e-14,0.004990803073997466,4.599177636202461e-06,1.1769364367274637e-05
121.02102102102103,8.089429943697856e-10,2.674293323890967e-07,1.332667620073029e-14,0.004990803031715148,4.5991776359349366e-06,1.1784419159172247e-05
121.32132132132132,8.089429943697857e-10,2.6742933239597114e-07,1.332667620593849e-14,0.004990802990683684,4.599177635675327e-06,1.1799428809298964e-05
121.62162162162163,8.089429943697857e-10,2.6742933240264216e-07,1.3326676210992618e-14,0.004990802950866036,4.599177635423396e-06,1.1814393453012428e-05
121.92192192192192,8.089429943697857e-10,2.674293324091158e-07,1.3326676215897222e-14,0.004990802912226366,4.599177635178918e-06,1.1829313225264058e-05
122.22222222222223,8.089429943697857e-10,2.6742933241539795e-07,1.3326676220656729e-14,0.004990802874729807,4.5991776349416735e-06,1.1844188260600945e-05
122.52252252252252,8.089429943697856e-10,2.674293324214942e-07,1.3326676225275438e-14,0.0049908028383425064,4.5991776347114475e-06,1.1859018693166777e-05
122.82282282282283,8.089429943697856e-10,2.674293324274101e-07,1.332667622975751e-14,0.004990802803031662,4.5991776344880315e-06,1.1873804656702835e-05
123.12312312312312,8.089429943697855e-10,2.6742933243315096e-07,1.3326676234106979e-14,0.00499080276876547,4.599177634271226e-06,1.1888546284549301e-05
123.42342342342343,8.089429943697856e-10,2.67429332438722e-07,1.332667623832778e-14,0.00499080273551298,4.599177634060834e-06,1.1903243709646838e-05
123.72372372372372,8.089429943697858e-10,2.674293324441283e-07,1.3326676242423719e-14,0.0049908027032441885,4.599177633856667e-06,1.1917897064537387e-05
124.02402402402403,8.089429943697858e-10,2.6742933244937466e-07,1.3326676246398478e-14,0.004990802671930064,4.599177633658538e-06,1.193250648136512e-05
124.32432432432432,8.089429943697858e-10,2.674293324544657e-07,1.3326676250255651e-14,0.004990802641542315,4.59917763346627e-06,1.1947072091878434e-05
124.62462462462463,8.089429943697858e-10,2.674293324594063e-07,1.3326676253998719e-14,0.004990802612053513,4.5991776332796916e-06,1.196159402743061e-05
124.92492492492492,8.089429943697859e-10,2.674293324642006e-07,1.3326676257631053e-14,0.004990802583437119,4.599177633098634e-06,1.1976072418980713e-05
125.22522522522523,8.089429943697858e-10,2.6742933246885314e-07,1.3326676261155926e-14,0.004990802555667308,4.5991776329229315e-06,1.1990507397095441e-05
125.52552552552552,8.089429943697857e-10,2.6742933247336803e-07,1.3326676264576523e-14,0.004990802528719009,4.599177632752426e-06,1.2004899091950036e-05
125.82582582582583,8.089429943697856e-10,2.674293324777493e-07,1.3326676267895927e-14,0.004990802502567931,4.599177632586966e-06,1.2019247633329223e-05
126.12612612612612,8.089429943697857e-10,2.67429332482001e-07,1.332667627111713e-14,0.004990802477190517,4.5991776324264e-06,1.2033553150628502e-05
126.42642642642643,8.089429943697856e-10,2.6742933248612694e-07,1.332667627424304e-14,0.004990802452563848,4.599177632270584e-06,1.2047815772855674e-05
126.72672672672672,8.089429943697856e-10,2.6742933249013076e-07,1.3326676277276477e-14,0.004990802428665702,4.599177632119377e-06,1.2062035628631609e-05
127.02702702702703,8.089429943697858e-10,2.674293324940162e-07,1.3326676280220168e-14,0.004990802405474578,4.599177631972645e-06,1.2076212846191174e-05
127.32732732732732,8.089429943697857e-10,2.674293324977866e-07,1.3326676283076776e-14,0.004990802382969525,4.599177631830252e-06,1.2090347553385183e-05
127.62762762762763,8.089429943697857e-10,2.6742933250144553e-07,1.3326676285848879e-14,0.00499080236113023,4.599177631692073e-06,1.2104439877681004e-05
127.92792792792793,8.089429943697857e-10,2.674293325049963e-07,1.332667628853897e-14,0.004990802339937037,4.599177631557982e-06,1.2118489946163455e-05
128.22822822822823,8.089429943697857e-10,2.6742933250844187e-07,1.332667629114948e-14,0.004990802319370819,4.599177631427857e-06,1.2132497885536617e-05
128.52852852852854,8.089429943697856e-10,2.674293325117856e-07,1.332667629368276e-14,0.004990802299413009,4.599177631301582e-06,1.214646382212467e-05
128.82882882882882,8.089429943697855e-10,2.674293325150304e-07,1.33266762961411e-14,0.004990802280045619,4.599177631179041e-06,1.2160387881872831e-05
129.12912912912913,8.089429943697857e-10,2.6742933251817925e-07,1.332667629852671e-14,0.004990802261251203,4.599177631060128e-06,1.2174270190348624e-05
129.42942942942943,8.089429943697856e-10,2.674293325212348e-07,1.3326676300841745e-14,0.004990802243012783,4.599177630944732e-06,1.2188110872743333e-05
129.72972972972974,8.089429943697856e-10,2.6742933252420007e-07,1.3326676303088296e-14,0.0049908022253139055,4.59917763083275e-06,1.2201910053872752e-05
130.03003003003002,8.089429943697858e-10,2.6742933252707755e-07,1.3326676305268384e-14,0.004990802208138647,4.599177630724081e-06,1.2215667858178107e-05
130.33033033033033,8.089429943697857e-10,2.6742933252986995e-07,1.3326676307383978e-14,0.00499080219147149,4.599177630618625e-06,1.2229384409727915e-05
130.63063063063063,8.089429943697857e-10,2.674293325325797e-07,1.3326676309436986e-14,0.004990802175297388,4.599177630516291e-06,1.2243059832218606e-05
130.93093093093094,8.089429943697856e-10,2.674293325352092e-07,1.3326676311429259e-14,0.004990802159601789,4.599177630416982e-06,1.2256694248975366e-05
131.23123123123122,8.089429943697856e-10,2.674293325377611e-07,1.332667631336259e-14,0.004990802144370527,4.599177630320613e-06,1.2270287782953912e-05
131.53153153153153,8.089429943697856e-10,2.674293325402374e-07,1.332667631523873e-14,0.004990802129589847,4.599177630227093e-06,1.22838405567413e-05
131.83183183183183,8.089429943697855e-10,2.6742933254264056e-07,1.3326676317059367e-14,0.004990802115246431,4.5991776301363404e-06,1.2297352692556839e-05
132.13213213213214,8.089429943697857e-10,2.674293325449726e-07,1.3326676318826139e-14,0.004990802101327355,4.599177630048273e-06,1.2310824312253302e-05
132.43243243243242,8.089429943697857e-10,2.6742933254723555e-07,1.3326676320540646e-14,0.0049908020878200515,4.599177629962812e-06,1.232425553731837e-05
132.73273273273273,8.089429943697859e-10,2.674293325494316e-07,1.3326676322204434e-14,0.00499080207471233,4.5991776298798775e-06,1.2337646488875331e-05
133.03303303303304,8.089429943697858e-10,2.674293325515627e-07,1.3326676323818999e-14,0.004990802061992397,4.5991776297993975e-06,1.2350997287683994e-05
133.33333333333334,8.089429943697859e-10,2.674293325536307e-07,1.33266763253858e-14,0.0049908020496487624,4.599177629721297e-06,1.2364308054142481e-05
133.63363363363362,8.089429943697857e-10,2.674293325556375e-07,1.3326676326906252e-14,0.0049908020376702835,4.5991776296455086e-06,1.2377578908287839e-05
133.93393393393393,8.089429943697856e-10,2.674293325575849e-07,1.332667632838172e-14,0.0049908020260461825,4.5991776295719615e-06,1.2390809969796837e-05
134.23423423423424,8.089429943697855e-10,2.674293325594748e-07,1.3326676329813539e-14,0.004990802014765966,4.5991776295005905e-06,1.2404001357987733e-05
134.53453453453454,8.089429943697855e-10,2.674293325613088e-07,1.3326676331202999e-14,0.00499080200381945,4.59917762943133e-06,1.241715319182101e-05
134.83483483483485,8.089429943697856e-10,2.674293325630885e-07,1.3326676332551355e-14,0.00499080199319677,4.599177629364119e-06,1.2430265589900283e-05
135.13513513513513,8.089429943697856e-10,2.674293325648156e-07,1.3326676333859823e-14,0.004990801982888356,4.599177629298897e-06,1.2443338670473492e-05
135.43543543543544,8.089429943697856e-10,2.6742933256649163e-07,1.332667633512958e-14,0.004990801972884896,4.599177629235604e-06,1.2456372551434266e-05
135.73573573573574,8.089429943697857e-10,2.6742933256811793e-07,1.3326676336361774e-14,0.004990801963177366,4.599177629174183e-06,1.2469367350322628e-05
136.03603603603605,8.089429943697857e-10,2.674293325696962e-07,1.3326676337557515e-14,0.004990801953757033,4.59917762911458e-06,1.2482323184325879e-05
136.33633633633633,8.089429943697858e-10,2.674293325712278e-07,1.332667633871788e-14,0.004990801944615383,4.59917762905674e-06,1.2495240170280334e-05
136.63663663663664,8.089429943697856e-10,2.674293325727141e-07,1.3326676339843921e-14,0.004990801935744167,4.599177629000611e-06,1.2508118424671907e-05
136.93693693693695,8.089429943697855e-10,2.674293325741564e-07,1.3326676340936648e-14,0.004990801927135403,4.599177628946142e-06,1.252095806363689e-05
137.23723723723725,8.089429943697854e-10,2.6742933257555594e-07,1.332667634199705e-14,0.004990801918781315,4.599177628893285e-06,1.2533759202963685e-05
137.53753753753753,8.089429943697855e-10,2.6742933257691426e-07,1.3326676343026079e-14,0.004990801910674367,4.599177628841992e-06,1.2546521958093495e-05
137.83783783783784,8.089429943697855e-10,2.674293325782322e-07,1.3326676344024666e-14,0.00499080190280725,4.599177628792215e-06,1.2559246444121206e-05
138.13813813813815,8.089429943697856e-10,2.6742933257951127e-07,1.3326676344993711e-14,0.004990801895172877,4.599177628743912e-06,1.257193277579656e-05
138.43843843843845,8.089429943697856e-10,2.674293325807525e-07,1.3326676345934088e-14,0.004990801887764354,4.599177628697037e-06,1.2584581067525471e-05
138.73873873873873,8.089429943697856e-10,2.67429332581957e-07,1.3326676346846649e-14,0.004990801880574993,4.599177628651549e-06,1.2597191433370696e-05
139.03903903903904,8.089429943697856e-10,2.6742933258312593e-07,1.3326676347732208e-14,0.004990801873598328,4.599177628607406e-06,1.260976398705272e-05
139.33933933933935,8.089429943697857e-10,2.674293325842602e-07,1.3326676348591571e-14,0.0049908018668280586,4.59917762856457e-06,1.2622298841951416e-05
139.63963963963965,8.089429943697857e-10,2.6742933258536093e-07,1.3326676349425513e-14,0.004990801860258068,4.599177628523001e-06,1.2634796111106622e-05
139.93993993993993,8.089429943697858e-10,2.6742933258642904e-07,1.3326676350234783e-14,0.004990801853882449,4.599177628482662e-06,1.2647255907218904e-05
140.24024024024024,8.089429943697857e-10,2.674293325874656e-07,1.332667635102011e-14,0.004990801847695445,4.5991776284435154e-06,1.2659678342651217e-05
140.54054054054055,8.089429943697857e-10,2.6742933258847155e-07,1.3326676351782205e-14,0.004990801841691468,4.599177628405528e-06,1.267206352942961e-05
140.84084084084085,8.089429943697857e-10,2.6742933258944765e-07,1.3326676352521755e-14,0.004990801835865111,4.599177628368663e-06,1.268441157924403e-05
141.14114114114113,8.089429943697857e-10,2.674293325903949e-07,1.3326676353239426e-14,0.0049908018302111225,4.59917762833289e-06,1.2696722603449521e-05
141.44144144144144,8.089429943697857e-10,2.6742933259131414e-07,1.3326676353935867e-14,0.004990801824724398,4.599177628298176e-06,1.2708996713067454e-05
141.74174174174175,8.089429943697857e-10,2.6742933259220623e-07,1.3326676354611703e-14,0.004990801819399984,4.599177628264487e-06,1.2721234018786197e-05
142.04204204204206,8.089429943697857e-10,2.674293325930719e-07,1.3326676355267548e-14,0.004990801814233094,4.599177628231797e-06,1.2733434630961973e-05
142.34234234234233,8.089429943697857e-10,2.6742933259391194e-07,1.3326676355903989e-14,0.004990801809219057,4.599177628200073e-06,1.2745598659620465e-05
142.64264264264264,8.089429943697857e-10,2.6742933259472716e-07,1.3326676356521602e-14,0.0049908018043533465,4.599177628169287e-06,1.2757726214457393e-05
142.94294294294295,8.089429943697857e-10,2.674293325955183e-07,1.3326676357120944e-14,0.004990801799631585,4.599177628139412e-06,1.2769817404839222e-05
143.24324324324326,8.089429943697858e-10,2.6742933259628586e-07,1.3326676357702555e-14,0.004990801795049513,4.59917762811042e-06,1.278187233980482e-05
143.54354354354354,8.089429943697857e-10,2.674293325970308e-07,1.3326676358266961e-14,0.0049908017906029915,4.599177628082286e-06,1.2793891128066086e-05
143.84384384384384,8.089429943697856e-10,2.6742933259775376e-07,1.332667635881467e-14,0.0049908017862880134,4.599177628054986e-06,1.2805873878008786e-05
144.14414414414415,8.089429943697857e-10,2.6742933259845527e-07,1.3326676359346175e-14,0.004990801782100692,4.599177628028492e-06,1.2817820697693682e-05
144.44444444444446,8.089429943697857e-10,2.67429332599136e-07,1.3326676359861956e-14,0.004990801778037243,4.599177628002783e-06,1.282973169485772e-05
144.74474474474474,8.089429943697858e-10,2.6742933259979675e-07,1.3326676360362479e-14,0.004990801774094002,4.599177627977834e-06,1.2841606976914715e-05
145.04504504504504,8.089429943697857e-10,2.674293326004379e-07,1.3326676360848195e-14,0.004990801770267421,4.599177627953622e-06,1.2853446650956154e-05
145.34534534534535,8.089429943697858e-10,2.6742933260105994e-07,1.3326676361319539e-14,0.004990801766554045,4.599177627930127e-06,1.2865250823752765e-05
145.64564564564566,8.089429943697857e-10,2.6742933260166367e-07,1.3326676361776941e-14,0.0049908017629505174,4.599177627907327e-06,1.287701960175507e-05
145.94594594594594,8.089429943697856e-10,2.674293326022496e-07,1.3326676362220811e-14,0.0049908017594536,4.599177627885202e-06,1.2888753091094074e-05
146.24624624624624,8.089429943697857e-10,2.6742933260281807e-07,1.332667636265155e-14,0.004990801756060136,4.599177627863731e-06,1.2900451397582895e-05
146.54654654654655,8.089429943697857e-10,2.6742933260336975e-07,1.3326676363069547e-14,0.0049908017527670575,4.5991776278428946e-06,1.2912114626717334e-05
146.84684684684686,8.089429943697857e-10,2.674293326039052e-07,1.3326676363475177e-14,0.004990801749571402,4.599177627822675e-06,1.2923742883676715e-05
147.14714714714714,8.089429943697856e-10,2.6742933260442473e-07,1.3326676363868808e-14,0.004990801746470287,4.599177627803054e-06,1.2935336273324965e-05
147.44744744744744,8.089429943697857e-10,2.67429332604929e-07,1.3326676364250792e-14,0.004990801743460911,4.599177627784014e-06,1.2946894900211798e-05
147.74774774774775,8.089429943697856e-10,2.6742933260541814e-07,1.3326676364621477e-14,0.004990801740540563,4.599177627765537e-06,1.295841886857333e-05
148.04804804804806,8.089429943697855e-10,2.6742933260589296e-07,1.3326676364981196e-14,0.004990801737706612,4.599177627747605e-06,1.29699082823329e-05
148.34834834834834,8.089429943697856e-10,2.6742933260635374e-07,1.3326676365330274e-14,0.004990801734956499,4.5991776277302044e-06,1.2981363245102571e-05
148.64864864864865,8.089429943697857e-10,2.674293326068009e-07,1.3326676365669025e-14,0.00499080173228774,4.59917762771332e-06,1.2992783860183676e-05
148.94894894894895,8.089429943697858e-10,2.674293326072348e-07,1.3326676365997754e-14,0.004990801729697936,4.599177627696934e-06,1.3004170230567475e-05
149.24924924924926,8.089429943697858e-10,2.6742933260765584e-07,1.3326676366316757e-14,0.004990801727184749,4.599177627681032e-06,1.301552245893676e-05
149.54954954954954,8.089429943697858e-10,2.6742933260806443e-07,1.3326676366626323e-14,0.004990801724745908,4.599177627665601e-06,1.3026840647666387e-05
149.84984984984985,8.089429943697858e-10,2.674293326084609e-07,1.3326676366926731e-14,0.004990801722379217,4.599177627650627e-06,1.3038124898824083e-05
150.15015015015015,8.089429943697856e-10,2.6742933260884566e-07,1.3326676367218253e-14,0.004990801720082542,4.599177627636096e-06,1.3049375314171543e-05
150.45045045045046,8.089429943697856e-10,2.674293326092191e-07,1.332667636750115e-14,0.0049908017178538116,4.599177627621994e-06,1.3060591995165505e-05
150.75075075075074,8.089429943697857e-10,2.6742933260958147e-07,1.3326676367775676e-14,0.004990801715691012,4.599177627608309e-06,1.307177504295841e-05
151.05105105105105,8.089429943697856e-10,2.6742933260993314e-07,1.3326676368042084e-14,0.004990801713592198,4.59917762759503e-06,1.308292455839917e-05
151.35135135135135,8.089429943697857e-10,2.6742933261027434e-07,1.3326676368300608e-14,0.004990801711555475,4.599177627582144e-06,1.3094040642034631e-05
151.65165165165166,8.089429943697857e-10,2.674293326106055e-07,1.3326676368551486e-14,0.004990801709579003,4.599177627569638e-06,1.3105123394110097e-05
151.95195195195194,8.089429943697857e-10,2.6742933261092677e-07,1.3326676368794941e-14,0.004990801707661003,4.599177627557502e-06,1.311617291456998e-05
152.25225225225225,8.089429943697856e-10,2.674293326112386e-07,1.3326676369031194e-14,0.004990801705799746,4.599177627545727e-06,1.3127189303059332e-05
152.55255255255256,8.089429943697856e-10,2.674293326115412e-07,1.3326676369260459e-14,0.004990801703993549,4.5991776275342984e-06,1.3138172658924406e-05
152.85285285285286,8.089429943697855e-10,2.674293326118348e-07,1.332667636948294e-14,0.004990801702240788,4.59917762752321e-06,1.3149123081213392e-05
153.15315315315314,8.089429943697855e-10,2.674293326121198e-07,1.332667636969884e-14,0.004990801700539878,4.5991776275124475e-06,1.31600406686775e-05
153.45345345345345,8.089429943697856e-10,2.6742933261239637e-07,1.332667636990835e-14,0.004990801698889288,4.5991776275020044e-06,1.3170925519772023e-05
153.75375375375376,8.089429943697856e-10,2.6742933261266477e-07,1.3326676370111667e-14,0.0049908016972875285,4.59917762749187e-06,1.3181777732656937e-05
154.05405405405406,8.089429943697857e-10,2.6742933261292524e-07,1.3326676370308966e-14,0.004990801695733154,4.599177627482034e-06,1.3192597405197687e-05
154.35435435435437,8.089429943697857e-10,2.674293326131779e-07,1.3326676370500429e-14,0.004990801694224764,4.599177627472492e-06,1.3203384634966583e-05
154.65465465465465,8.089429943697856e-10,2.674293326134231e-07,1.3326676370686227e-14,0.004990801692760997,4.59917762746323e-06,1.3214139519243305e-05
154.95495495495496,8.089429943697855e-10,2.6742933261366104e-07,1.332667637086653e-14,0.004990801691340534,4.599177627454242e-06,1.322486215501554e-05
155.25525525525526,8.089429943697855e-10,2.6742933261389196e-07,1.3326676371041497e-14,0.004990801689962094,4.599177627445521e-06,1.3235552638980504e-05
155.55555555555557,8.089429943697856e-10,2.6742933261411606e-07,1.3326676371211289e-14,0.004990801688624431,4.5991776274370565e-06,1.3246211067545411e-05
155.85585585585585,8.089429943697856e-10,2.674293326143336e-07,1.3326676371376058e-14,0.004990801687326342,4.599177627428845e-06,1.3256837536828243e-05
156.15615615615616,8.089429943697858e-10,2.674293326145447e-07,1.3326676371535952e-14,0.0049908016860666544,4.599177627420874e-06,1.326743214265881e-05
156.45645645645646,8.089429943697858e-10,2.674293326147495e-07,1.3326676371691116e-14,0.004990801684844234,4.599177627413139e-06,1.3277994980579735e-05
156.75675675675677,8.089429943697858e-10,2.674293326149482e-07,1.332667637184169e-14,0.004990801683657976,4.599177627405634e-06,1.3288526145847065e-05
157.05705705705705,8.089429943697857e-10,2.6742933261514107e-07,1.332667637198781e-14,0.004990801682506813,4.5991776273983505e-06,1.3299025733431032e-05
157.35735735735736,8.089429943697857e-10,2.674293326153282e-07,1.3326676372129606e-14,0.004990801681389705,4.599177627391282e-06,1.3309493838017407e-05
157.65765765765767,8.089429943697857e-10,2.6742933261550985e-07,1.3326676372267207e-14,0.004990801680305644,4.5991776273844236e-06,1.3319930554007992e-05
157.95795795795797,8.089429943697857e-10,2.6742933261568614e-07,1.332667637240074e-14,0.004990801679253655,4.599177627377768e-06,1.3330335975521217e-05
158.25825825825825,8.089429943697856e-10,2.674293326158572e-07,1.3326676372530319e-14,0.004990801678232786,4.599177627371309e-06,1.3340710196393647e-05
158.55855855855856,8.089429943697856e-10,2.674293326160232e-07,1.3326676372656067e-14,0.004990801677242119,4.599177627365041e-06,1.3351053310180433e-05
158.85885885885887,8.089429943697857e-10,2.674293326161842e-07,1.3326676372778094e-14,0.004990801676280758,4.5991776273589575e-06,1.3361365410156031e-05
159.15915915915917,8.089429943697856e-10,2.674293326163405e-07,1.3326676372896512e-14,0.004990801675347841,4.599177627353055e-06,1.3371646589315263e-05
159.45945945945945,8.089429943697857e-10,2.674293326164922e-07,1.3326676373011425e-14,0.00499080167444252,4.599177627347327e-06,1.3381896940374254e-05
159.75975975975976,8.089429943697857e-10,2.674293326166394e-07,1.332667637312294e-14,0.004990801673563981,4.599177627341768e-06,1.3392116555771035e-05
160.06006006006007,8.089429943697857e-10,2.674293326167822e-07,1.3326676373231156e-14,0.004990801672711433,4.599177627336372e-06,1.340230552766628e-05
160.36036036036037,8.089429943697858e-10,2.6742933261692085e-07,1.3326676373336169e-14,0.004990801671884108,4.599177627331138e-06,1.3412463947944607e-05
160.66066066066065,8.089429943697857e-10,2.6742933261705526e-07,1.3326676373438076e-14,0.004990801671081256,4.599177627326059e-06,1.3422591908215068e-05
160.96096096096096,8.089429943697856e-10,2.674293326171858e-07,1.3326676373536969e-14,0.004990801670302155,4.59917762732113e-06,1.343268949981174e-05
161.26126126126127,8.089429943697857e-10,2.6742933261731244e-07,1.3326676373632937e-14,0.004990801669546105,4.599177627316346e-06,1.3442756813795162e-05
161.56156156156158,8.089429943697857e-10,2.674293326174354e-07,1.3326676373726063e-14,0.004990801668812421,4.599177627311704e-06,1.3452793940952779e-05
161.86186186186185,8.089429943697856e-10,2.6742933261755475e-07,1.3326676373816437e-14,0.004990801668100442,4.5991776273071996e-06,1.346280097179966e-05
162.16216216216216,8.089429943697857e-10,2.674293326176705e-07,1.3326676373904136e-14,0.004990801667409525,4.599177627302828e-06,1.34727779965795e-05
162.46246246246247,8.089429943697856e-10,2.674293326177828e-07,1.3326676373989242e-14,0.004990801666739048,4.599177627298586e-06,1.3482725105265552e-05
162.76276276276278,8.089429943697856e-10,2.674293326178918e-07,1.3326676374071829e-14,0.0049908016660884045,4.5991776272944695e-06,1.3492642387561189e-05
163.06306306306305,8.089429943697856e-10,2.674293326179976e-07,1.3326676374151973e-14,0.004990801665457011,4.599177627290474e-06,1.3502529932900644e-05
163.36336336336336,8.089429943697856e-10,2.674293326181002e-07,1.3326676374229745e-14,0.004990801664844298,4.599177627286597e-06,1.3512387830450254e-05
163.66366366366367,8.089429943697857e-10,2.6742933261819987e-07,1.3326676374305218e-14,0.004990801664249708,4.599177627282836e-06,1.3522216169108952e-05
163.96396396396398,8.089429943697858e-10,2.6742933261829654e-07,1.3326676374378456e-14,0.00499080166367271,4.599177627279185e-06,1.353201503750881e-05
164.26426426426426,8.089429943697857e-10,2.6742933261839045e-07,1.332667637444953e-14,0.004990801663112782,4.599177627275642e-06,1.354178452401648e-05
164.56456456456456,8.089429943697858e-10,2.674293326184814e-07,1.33266763745185e-14,0.004990801662569417,4.599177627272204e-06,1.3551524716733582e-05
164.86486486486487,8.089429943697859e-10,2.674293326185697e-07,1.332667637458543e-14,0.004990801662042129,4.599177627268868e-06,1.3561235703497423e-05
165.16516516516518,8.089429943697858e-10,2.674293326186554e-07,1.332667637465038e-14,0.0049908016615304385,4.5991776272656314e-06,1.3570917571881962e-05
165.46546546546546,8.089429943697858e-10,2.674293326187386e-07,1.332667637471341e-14,0.004990801661033885,4.59917762726249e-06,1.3580570409198723e-05
165.76576576576576,8.089429943697857e-10,2.6742933261881937e-07,1.3326676374774573e-14,0.004990801660552023,4.5991776272594405e-06,1.3590194302497322e-05
166.06606606606607,8.089429943697856e-10,2.674293326188977e-07,1.3326676374833927e-14,0.0049908016600844155,4.599177627256482e-06,1.3599789338566211e-05
166.36636636636638,8.089429943697856e-10,2.6742933261897374e-07,1.3326676374891525e-14,0.004990801659630643,4.59917762725361e-06,1.3609355603933864e-05
166.66666666666666,8.089429943697858e-10,2.674293326190475e-07,1.3326676374947419e-14,0.004990801659190292,4.5991776272508244e-06,1.361889318486926e-05
166.96696696696696,8.089429943697858e-10,2.6742933261911916e-07,1.3326676375001661e-14,0.004990801658762969,4.59917762724812e-06,1.3628402167382422e-05
167.26726726726727,8.089429943697857e-10,2.6742933261918867e-07,1.3326676375054297e-14,0.004990801658348288,4.599177627245497e-06,1.3637882637225788e-05
167.56756756756758,8.089429943697857e-10,2.67429332619256e-07,1.3326676375105377e-14,0.0049908016579458744,4.5991776272429504e-06,1.364733467989462e-05
167.86786786786786,8.089429943697857e-10,2.6742933261932145e-07,1.3326676375154945e-14,0.0049908016575553665,4.59917762724048e-06,1.3656758380627675e-05
168.16816816816817,8.089429943697857e-10,2.674293326193849e-07,1.3326676375203046e-14,0.00499080165717641,4.5991776272380825e-06,1.3666153824408166e-05
168.46846846846847,8.089429943697856e-10,2.674293326194465e-07,1.3326676375249725e-14,0.004990801656808665,4.599177627235755e-06,1.3675521095964622e-05
168.76876876876878,8.089429943697856e-10,2.674293326195063e-07,1.3326676375295023e-14,0.0049908016564518,4.599177627233496e-06,1.3684860279771419e-05
169.06906906906906,8.089429943697857e-10,2.6742933261956433e-07,1.332667637533898e-14,0.004990801656105491,4.599177627231305e-06,1.3694171460049488e-05
169.36936936936937,8.089429943697857e-10,2.6742933261962066e-07,1.3326676375381636e-14,0.004990801655769427,4.599177627229178e-06,1.3703454720767488e-05
169.66966966966967,8.089429943697858e-10,2.6742933261967535e-07,1.3326676375423031e-14,0.004990801655443305,4.599177627227115e-06,1.3712710145642249e-05
169.96996996996998,8.089429943697859e-10,2.6742933261972834e-07,1.3326676375463203e-14,0.004990801655126831,4.599177627225113e-06,1.3721937818139298e-05
170.27027027027026,8.089429943697858e-10,2.674293326197798e-07,1.3326676375502185e-14,0.00499080165481972,4.5991776272231705e-06,1.3731137821474214e-05
170.57057057057057,8.089429943697858e-10,2.674293326198297e-07,1.3326676375540014e-14,0.004990801654521694,4.599177627221285e-06,1.3740310238612998e-05
170.87087087087087,8.089429943697857e-10,2.6742933261987805e-07,1.3326676375576723e-14,0.004990801654232485,4.599177627219456e-06,1.3749455152272737e-05
171.17117117117118,8.089429943697856e-10,2.674293326199251e-07,1.3326676375612347e-14,0.0049908016539518315,4.59917762721768e-06,1.3758572644922538e-05
171.47147147147146,8.089429943697856e-10,2.674293326199707e-07,1.3326676375646918e-14,0.004990801653679482,4.599177627215957e-06,1.3767662798784348e-05
171.77177177177177,8.089429943697856e-10,2.67429332620015e-07,1.3326676375680465e-14,0.004990801653415188,4.599177627214284e-06,1.3776725695833487e-05
172.07207207207207,8.089429943697856e-10,2.67429332620058e-07,1.332667637571302e-14,0.0049908016531587125,4.599177627212662e-06,1.378576141779934e-05
172.37237237237238,8.089429943697856e-10,2.674293326200997e-07,1.332667637574461e-14,0.004990801652909826,4.599177627211087e-06,1.379477004616645e-05
172.67267267267266,8.089429943697857e-10,2.6742933262014016e-07,1.3326676375775269e-14,0.004990801652668301,4.5991776272095595e-06,1.3803751662175009e-05
172.97297297297297,8.089429943697856e-10,2.6742933262017944e-07,1.3326676375805018e-14,0.0049908016524339216,4.5991776272080755e-06,1.3812706346821334e-05
173.27327327327328,8.089429943697856e-10,2.6742933262021755e-07,1.3326676375833889e-14,0.004990801652206477,4.599177627206637e-06,1.3821634180859191e-05
173.57357357357358,8.089429943697857e-10,2.674293326202545e-07,1.3326676375861904e-14,0.004990801651985759,4.59917762720524e-06,1.3830535244800145e-05
173.8738738738739,8.089429943697857e-10,2.674293326202904e-07,1.3326676375889092e-14,0.004990801651771571,4.599177627203885e-06,1.3839409618914204e-05
174.17417417417417,8.089429943697857e-10,2.6742933262032523e-07,1.3326676375915476e-14,0.004990801651563721,4.59917762720257e-06,1.384825738323075e-05
174.47447447447448,8.089429943697857e-10,2.6742933262035906e-07,1.3326676375941078e-14,0.0049908016513620194,4.599177627201294e-06,1.385707861753931e-05
174.77477477477478,8.089429943697856e-10,2.6742933262039183e-07,1.3326676375965922e-14,0.0049908016511662845,4.599177627200054e-06,1.3865873401390072e-05
175.0750750750751,8.089429943697856e-10,2.674293326204237e-07,1.3326676375990033e-14,0.00499080165097634,4.599177627198853e-06,1.3874641814094573e-05
175.37537537537537,8.089429943697857e-10,2.674293326204545e-07,1.3326676376013429e-14,0.004990801650792016,4.599177627197687e-06,1.3883383934726751e-05
175.67567567567568,8.089429943697857e-10,2.674293326204845e-07,1.3326676376036134e-14,0.004990801650613144,4.599177627196554e-06,1.3892099842123418e-05
175.97597597597598,8.089429943697858e-10,2.674293326205135e-07,1.3326676376058167e-14,0.004990801650439563,4.599177627195456e-06,1.390078961488473e-05
176.2762762762763,8.089429943697858e-10,2.674293326205417e-07,1.3326676376079548e-14,0.004990801650271119,4.599177627194391e-06,1.3909453331375463e-05
176.57657657657657,8.089429943697857e-10,2.674293326205691e-07,1.3326676376100295e-14,0.0049908016501076565,4.599177627193356e-06,1.391809106972536e-05
176.87687687687688,8.089429943697857e-10,2.6742933262059575e-07,1.3326676376120431e-14,0.00499080164994903,4.599177627192352e-06,1.392670290782975e-05
177.17717717717719,8.089429943697856e-10,2.674293326206216e-07,1.332667637613997e-14,0.004990801649795097,4.59917762719138e-06,1.3935288923350462e-05
177.4774774774775,8.089429943697856e-10,2.6742933262064663e-07,1.332667637615893e-14,0.004990801649645718,4.5991776271904335e-06,1.3943849193716558e-05
177.77777777777777,8.089429943697857e-10,2.674293326206708e-07,1.3326676376177332e-14,0.0049908016495007574,4.599177627189517e-06,1.3952383796124843e-05
178.07807807807808,8.089429943697858e-10,2.6742933262069443e-07,1.3326676376195187e-14,0.004990801649360084,4.599177627188627e-06,1.3960892807540534e-05
178.3783783783784,8.089429943697857e-10,2.674293326207173e-07,1.3326676376212514e-14,0.004990801649223575,4.599177627187764e-06,1.396937630469828e-05
178.6786786786787,8.089429943697856e-10,2.674293326207395e-07,1.3326676376229329e-14,0.004990801649091102,4.599177627186925e-06,1.397783436410261e-05
178.97897897897897,8.089429943697855e-10,2.67429332620761e-07,1.3326676376245647e-14,0.00499080164896255,4.599177627186112e-06,1.3986267062028406e-05
179.27927927927928,8.089429943697856e-10,2.674293326207819e-07,1.332667637626148e-14,0.004990801648837799,4.5991776271853225e-06,1.399467447452213e-05
179.5795795795796,8.089429943697856e-10,2.674293326208022e-07,1.3326676376276848e-14,0.00499080164871674,4.599177627184557e-06,1.4003056677402171e-05
179.8798798798799,8.089429943697857e-10,2.674293326208219e-07,1.3326676376291758e-14,0.004990801648599261,4.599177627183813e-06,1.4011413746259427e-05
180.18018018018017,8.089429943697858e-10,2.67429332620841e-07,1.332667637630623e-14,0.004990801648485259,4.5991776271830915e-06,1.401974575645821e-05
180.48048048048048,8.089429943697858e-10,2.6742933262085955e-07,1.3326676376320272e-14,0.004990801648374629,4.599177627182391e-06,1.4028052783136953e-05
180.7807807807808,8.089429943697857e-10,2.6742933262087745e-07,1.3326676376333899e-14,0.004990801648267271,4.5991776271817125e-06,1.4036334901208703e-05
181.0810810810811,8.089429943697857e-10,2.674293326208949e-07,1.3326676376347123e-14,0.004990801648163091,4.5991776271810535e-06,1.4044592185361762e-05
181.38138138138137,8.089429943697857e-10,2.674293326209119e-07,1.3326676376359956e-14,0.004990801648061991,4.599177627180414e-06,1.4052824710060697e-05
181.68168168168168,8.089429943697856e-10,2.6742933262092837e-07,1.332667637637241e-14,0.004990801647963883,4.599177627179793e-06,1.406103254954675e-05
181.981981981982,8.089429943697858e-10,2.674293326209443e-07,1.3326676376384493e-14,0.004990801647868677,4.599177627179191e-06,1.406921577783833e-05
182.2822822822823,8.089429943697857e-10,2.674293326209598e-07,1.332667637639622e-14,0.004990801647776288,4.599177627178606e-06,1.4077374468732157e-05
182.58258258258257,8.089429943697857e-10,2.6742933262097485e-07,1.3326676376407602e-14,0.0049908016476866305,4.59917762717804e-06,1.4085508695803642e-05
182.88288288288288,8.089429943697857e-10,2.6742933262098936e-07,1.3326676376418645e-14,0.004990801647599628,4.599177627177488e-06,1.4093618532407432e-05
183.1831831831832,8.089429943697858e-10,2.6742933262100355e-07,1.332667637642936e-14,0.004990801647515198,4.599177627176955e-06,1.4101704051678295e-05
183.4834834834835,8.089429943697857e-10,2.6742933262101726e-07,1.332667637643976e-14,0.004990801647433265,4.5991776271764355e-06,1.4109765326531795e-05
183.78378378378378,8.089429943697857e-10,2.6742933262103055e-07,1.3326676376449853e-14,0.004990801647353758,4.599177627175933e-06,1.4117802429664775e-05
184.08408408408408,8.089429943697857e-10,2.6742933262104346e-07,1.3326676376459646e-14,0.004990801647276602,4.5991776271754444e-06,1.4125815433555995e-05
184.3843843843844,8.089429943697856e-10,2.67429332621056e-07,1.332667637646915e-14,0.004990801647201728,4.599177627174971e-06,1.4133804410467092e-05
184.6846846846847,8.089429943697857e-10,2.674293326210682e-07,1.3326676376478372e-14,0.0049908016471290695,4.599177627174512e-06,1.4141769432442979e-05
184.98498498498498,8.089429943697858e-10,2.6742933262108004e-07,1.3326676376487323e-14,0.00499080164705856,4.5991776271740655e-06,1.4149710571312332e-05
185.28528528528528,8.089429943697857e-10,2.674293326210915e-07,1.3326676376496008e-14,0.004990801646990137,4.599177627173632e-06,1.4157627898688708e-05
185.5855855855856,8.089429943697857e-10,2.6742933262110265e-07,1.3326676376504436e-14,0.004990801646923738,4.599177627173212e-06,1.4165521485970885e-05
185.8858858858859,8.089429943697857e-10,2.6742933262111345e-07,1.3326676376512615e-14,0.0049908016468593035,4.599177627172805e-06,1.417339140434341e-05
186.18618618618618,8.089429943697858e-10,2.6742933262112393e-07,1.3326676376520553e-14,0.004990801646796775,4.599177627172409e-06,1.4181237724777465e-05
186.48648648648648,8.089429943697858e-10,2.6742933262113404e-07,1.3326676376528254e-14,0.0049908016467360965,4.599177627172025e-06,1.418906051803151e-05
186.7867867867868,8.089429943697859e-10,2.674293326211439e-07,1.3326676376535729e-14,0.004990801646677214,4.599177627171653e-06,1.4196859854651754e-05
187.0870870870871,8.089429943697858e-10,2.674293326211534e-07,1.3326676376542982e-14,0.004990801646620071,4.599177627171291e-06,1.4204635804972771e-05
187.38738738738738,8.089429943697858e-10,2.6742933262116274e-07,1.3326676376550018e-14,0.004990801646564621,4.59917762717094e-06,1.421238843911844e-05
187.68768768768768,8.089429943697857e-10,2.674293326211718e-07,1.3326676376556851e-14,0.004990801646510809,4.5991776271706e-06,1.4220117827002327e-05
187.987987987988,8.089429943697856e-10,2.674293326211805e-07,1.3326676376563478e-14,0.00499080164645859,4.59917762717027e-06,1.4227824038328148e-05
188.2882882882883,8.089429943697856e-10,2.6742933262118905e-07,1.332667637656991e-14,0.0049908016464079155,4.599177627169948e-06,1.4235507142590882e-05
188.58858858858858,8.089429943697857e-10,2.674293326211973e-07,1.3326676376576153e-14,0.004990801646358742,4.599177627169637e-06,1.4243167209077068e-05
188.88888888888889,8.089429943697858e-10,2.6742933262120525e-07,1.332667637658221e-14,0.004990801646311021,4.599177627169336e-06,1.4250804306865358e-05
189.1891891891892,8.089429943697857e-10,2.674293326212131e-07,1.3326676376588089e-14,0.004990801646264713,4.599177627169042e-06,1.4258418504827355e-05
189.4894894894895,8.089429943697858e-10,2.6742933262122055e-07,1.332667637659379e-14,0.004990801646219774,4.599177627168759e-06,1.4266009871628226e-05
189.78978978978978,8.089429943697857e-10,2.6742933262122785e-07,1.3326676376599327e-14,0.004990801646176167,4.599177627168483e-06,1.4273578475727166e-05
190.0900900900901,8.089429943697856e-10,2.67429332621235e-07,1.3326676376604697e-14,0.0049908016461338465,4.599177627168215e-06,1.4281124385378e-05
190.3903903903904,8.089429943697856e-10,2.6742933262124183e-07,1.332667637660991e-14,0.00499080164609278,4.599177627167955e-06,1.4288647668630088e-05
190.6906906906907,8.089429943697857e-10,2.674293326212485e-07,1.332667637661497e-14,0.004990801646052928,4.5991776271677026e-06,1.4296148393328705e-05
190.99099099099098,8.089429943697857e-10,2.67429332621255e-07,1.332667637661988e-14,0.004990801646014255,4.599177627167458e-06,1.4303626627115473e-05
191.2912912912913,8.089429943697857e-10,2.6742933262126126e-07,1.3326676376624643e-14,0.0049908016459767265,4.59917762716722e-06,1.4311082437429466e-05
191.5915915915916,8.089429943697857e-10,2.6742933262126735e-07,1.3326676376629266e-14,0.004990801645940308,4.599177627166989e-06,1.4318515891507474e-05
191.8918918918919,8.089429943697857e-10,2.674293326212733e-07,1.3326676376633751e-14,0.004990801645904967,4.599177627166767e-06,1.4325927056384552e-05
192.19219219219218,8.089429943697857e-10,2.6742933262127904e-07,1.3326676376638104e-14,0.004990801645870671,4.599177627166549e-06,1.4333315998894835e-05
192.4924924924925,8.089429943697857e-10,2.674293326212846e-07,1.332667637664233e-14,0.00499080164583739,4.599177627166339e-06,1.4340682785672121e-05
192.7927927927928,8.089429943697857e-10,2.6742933262128995e-07,1.3326676376646428e-14,0.004990801645805094,4.5991776271661356e-06,1.4348027483150337e-05
193.0930930930931,8.089429943697857e-10,2.674293326212952e-07,1.3326676376650406e-14,0.004990801645773752,4.599177627165938e-06,1.4355350157564122e-05
193.3933933933934,8.089429943697857e-10,2.674293326213003e-07,1.3326676376654268e-14,0.004990801645743339,4.599177627165744e-06,1.4362650874949682e-05
193.6936936936937,8.089429943697856e-10,2.6742933262130536e-07,1.3326676376658012e-14,0.004990801645713825,4.599177627165558e-06,1.436992970114518e-05
193.993993993994,8.089429943697856e-10,2.674293326213101e-07,1.3326676376661648e-14,0.004990801645685184,4.599177627165377e-06,1.4377186701791168e-05
194.2942942942943,8.089429943697857e-10,2.674293326213148e-07,1.3326676376665176e-14,0.004990801645657389,4.5991776271652004e-06,1.4384421942331616e-05
194.5945945945946,8.089429943697857e-10,2.674293326213193e-07,1.33266763766686e-14,0.004990801645630418,4.599177627165029e-06,1.4391635488014218e-05
194.8948948948949,8.089429943697858e-10,2.6742933262132367e-07,1.3326676376671923e-14,0.004990801645604244,4.599177627164863e-06,1.4398827403890878e-05
195.1951951951952,8.089429943697857e-10,2.6742933262132796e-07,1.3326676376675146e-14,0.004990801645578845,4.599177627164702e-06,1.4405997754818543e-05
195.4954954954955,8.089429943697857e-10,2.674293326213321e-07,1.3326676376678274e-14,0.004990801645554197,4.5991776271645465e-06,1.441314660545975e-05
195.7957957957958,8.089429943697857e-10,2.674293326213361e-07,1.332667637668131e-14,0.004990801645530278,4.599177627164396e-06,1.442027402028306e-05
196.0960960960961,8.089429943697856e-10,2.6742933262134e-07,1.3326676376684257e-14,0.004990801645507066,4.599177627164248e-06,1.442738006356365e-05
196.3963963963964,8.089429943697857e-10,2.674293326213438e-07,1.3326676376687116e-14,0.004990801645484543,4.599177627164105e-06,1.4434464799384144e-05
196.6966966966967,8.089429943697857e-10,2.6742933262134744e-07,1.3326676376689891e-14,0.004990801645462685,4.599177627163967e-06,1.4441528291634979e-05
196.996996996997,8.089429943697859e-10,2.67429332621351e-07,1.3326676376692583e-14,0.004990801645441473,4.599177627163834e-06,1.4448570604014813e-05
197.2972972972973,8.089429943697859e-10,2.674293326213545e-07,1.3326676376695196e-14,0.004990801645420888,4.599177627163704e-06,1.445559180003155e-05
197.5975975975976,8.089429943697858e-10,2.6742933262135777e-07,1.3326676376697731e-14,0.004990801645400914,4.599177627163577e-06,1.4462591943002622e-05
197.8978978978979,8.089429943697857e-10,2.6742933262136094e-07,1.332667637670019e-14,0.00499080164538153,4.599177627163454e-06,1.4469571096055464e-05
198.1981981981982,8.089429943697855e-10,2.674293326213641e-07,1.332667637670258e-14,0.0049908016453627186,4.599177627163335e-06,1.4476529322128321e-05
198.4984984984985,8.089429943697856e-10,2.6742933262136714e-07,1.3326676376704897e-14,0.004990801645344464,4.59917762716322e-06,1.4483466683970775e-05
198.7987987987988,8.089429943697857e-10,2.6742933262137015e-07,1.3326676376707145e-14,0.004990801645326751,4.599177627163107e-06,1.4490383244144175e-05
199.0990990990991,8.089429943697857e-10,2.67429332621373e-07,1.3326676376709327e-14,0.004990801645309561,4.599177627162998e-06,1.4497279065022215e-05
199.3993993993994,8.089429943697857e-10,2.674293326213758e-07,1.3326676376711444e-14,0.0049908016452928795,4.599177627162893e-06,1.4504154208791719e-05
199.6996996996997,8.089429943697857e-10,2.6742933262137857e-07,1.3326676376713499e-14,0.004990801645276692,4.599177627162791e-06,1.4511008737453004e-05
200.0,8.089429943697856e-10,2.674293326213812e-07,1.3326676376715493e-14,0.004990801645260982,4.599177627162691e-06,1.4517842712820302e-05
200.3003003003003,8.089429943697857e-10,2.674293326213837e-07,1.3326676376717427e-14,0.0049908016452457375,4.599177627162595e-06,1.4524656196522724e-05
200.60060060060061,8.089429943697858e-10,2.674293326213862e-07,1.3326676376719305e-14,0.004990801645230945,4.599177627162501e-06,1.4531449250004543e-05
200.9009009009009,8.089429943697859e-10,2.6742933262138847e-07,1.3326676376721129e-14,0.004990801645216589,4.5991776271624095e-06,1.4538221934525657e-05
201.2012012012012,8.089429943697858e-10,2.674293326213909e-07,1.3326676376722896e-14,0.004990801645202657,4.599177627162322e-06,1.4544974311162367e-05
201.5015015015015,8.089429943697858e-10,2.674293326213932e-07,1.3326676376724612e-14,0.004990801645189139,4.599177627162237e-06,1.4551706440807899e-05
201.80180180180182,8.089429943697857e-10,2.6742933262139535e-07,1.3326676376726278e-14,0.004990801645176019,4.5991776271621545e-06,1.4558418384172812e-05
202.1021021021021,8.089429943697857e-10,2.674293326213976e-07,1.3326676376727894e-14,0.004990801645163288,4.599177627162074e-06,1.4565110201785557e-05
202.4024024024024,8.089429943697857e-10,2.6742933262139964e-07,1.3326676376729462e-14,0.004990801645150933,4.599177627161996e-06,1.4571781953993252e-05
202.7027027027027,8.089429943697857e-10,2.6742933262140165e-07,1.3326676376730983e-14,0.0049908016451389444,4.599177627161919e-06,1.4578433700962017e-05
203.00300300300302,8.089429943697856e-10,2.674293326214036e-07,1.332667637673246e-14,0.004990801645127311,4.599177627161846e-06,1.4585065502677401e-05
203.3033033033033,8.089429943697856e-10,2.674293326214054e-07,1.3326676376733894e-14,0.004990801645116021,4.599177627161775e-06,1.4591677418945301e-05
203.6036036036036,8.089429943697857e-10,2.6742933262140726e-07,1.3326676376735284e-14,0.004990801645105064,4.5991776271617056e-06,1.4598269509392246e-05
203.9039039039039,8.089429943697858e-10,2.6742933262140906e-07,1.3326676376736634e-14,0.004990801645094433,4.599177627161639e-06,1.4604841833465843e-05
204.20420420420422,8.089429943697859e-10,2.674293326214108e-07,1.3326676376737942e-14,0.004990801645084117,4.599177627161573e-06,1.461139445043554e-05
204.5045045045045,8.089429943697858e-10,2.674293326214125e-07,1.3326676376739214e-14,0.004990801645074104,4.599177627161509e-06,1.4617927419393122e-05
204.8048048048048,8.089429943697858e-10,2.674293326214141e-07,1.3326676376740446e-14,0.004990801645064389,4.599177627161447e-06,1.4624440799253106e-05
205.1051051051051,8.089429943697857e-10,2.6742933262141573e-07,1.3326676376741644e-14,0.0049908016450549595,4.599177627161389e-06,1.4630934648753294e-05
205.40540540540542,8.089429943697856e-10,2.674293326214172e-07,1.3326676376742806e-14,0.00499080164504581,4.59917762716133e-06,1.463740902645552e-05
205.7057057057057,8.089429943697858e-10,2.674293326214187e-07,1.3326676376743931e-14,0.004990801645036932,4.599177627161274e-06,1.4643863990745976e-05
206.006006006006,8.089429943697858e-10,2.674293326214202e-07,1.3326676376745026e-14,0.004990801645028315,4.599177627161219e-06,1.465029959983562e-05
206.3063063063063,8.089429943697857e-10,2.6742933262142156e-07,1.3326676376746088e-14,0.004990801645019954,4.599177627161166e-06,1.4656715911761068e-05
206.60660660660662,8.089429943697857e-10,2.674293326214229e-07,1.3326676376747117e-14,0.00499080164501184,4.599177627161115e-06,1.4663112984384891e-05
206.9069069069069,8.089429943697857e-10,2.674293326214242e-07,1.3326676376748117e-14,0.004990801645003966,4.599177627161066e-06,1.4669490875396012e-05
207.2072072072072,8.089429943697856e-10,2.674293326214255e-07,1.3326676376749087e-14,0.004990801644996325,4.599177627161018e-06,1.4675849642310483e-05
207.5075075075075,8.089429943697857e-10,2.6742933262142675e-07,1.3326676376750028e-14,0.00499080164498891,4.599177627160971e-06,1.468218934247194e-05
207.80780780780782,8.089429943697858e-10,2.67429332621428e-07,1.3326676376750941e-14,0.004990801644981714,4.599177627160925e-06,1.4688510033051989e-05
208.1081081081081,8.089429943697857e-10,2.674293326214292e-07,1.3326676376751828e-14,0.004990801644974731,4.5991776271608806e-06,1.4694811771050763e-05
208.4084084084084,8.089429943697858e-10,2.674293326214303e-07,1.3326676376752686e-14,0.004990801644967955,4.599177627160837e-06,1.4701094613297625e-05
208.7087087087087,8.089429943697856e-10,2.674293326214314e-07,1.3326676376753522e-14,0.00499080164496138,4.599177627160796e-06,1.4707358616451486e-05
209.00900900900902,8.089429943697856e-10,2.674293326214324e-07,1.3326676376754332e-14,0.004990801644954999,4.599177627160756e-06,1.4713603837001218e-05
209.3093093093093,8.089429943697857e-10,2.6742933262143347e-07,1.3326676376755119e-14,0.004990801644948807,4.599177627160716e-06,1.4719830331266513e-05
209.6096096096096,8.089429943697857e-10,2.6742933262143453e-07,1.3326676376755881e-14,0.004990801644942797,4.599177627160679e-06,1.4726038155398148e-05
209.9099099099099,8.089429943697856e-10,2.674293326214356e-07,1.3326676376756621e-14,0.004990801644936966,4.599177627160641e-06,1.47322273653784e-05
210.21021021021022,8.089429943697856e-10,2.6742933262143643e-07,1.332667637675734e-14,0.004990801644931307,4.599177627160605e-06,1.4738398017021793e-05
210.5105105105105,8.089429943697856e-10,2.674293326214374e-07,1.3326676376758038e-14,0.004990801644925815,4.5991776271605705e-06,1.4744550165975523e-05
210.8108108108108,8.089429943697856e-10,2.6742933262143823e-07,1.3326676376758711e-14,0.004990801644920486,4.5991776271605375e-06,1.4750683867719863e-05
211.11111111111111,8.089429943697855e-10,2.674293326214391e-07,1.332667637675937e-14,0.004990801644915315,4.5991776271605045e-06,1.4756799177568677e-05
211.41141141141142,8.089429943697856e-10,2.674293326214399e-07,1.3326676376760005e-14,0.004990801644910296,4.599177627160472e-06,1.47628961506701e-05
211.71171171171173,8.089429943697857e-10,2.674293326214407e-07,1.3326676376760625e-14,0.004990801644905426,4.599177627160441e-06,1.4768974842006878e-05
212.012012012012,8.089429943697858e-10,2.6742933262144157e-07,1.3326676376761223e-14,0.004990801644900701,4.599177627160411e-06,1.4775035306396737e-05
212.31231231231232,8.089429943697858e-10,2.6742933262144226e-07,1.3326676376761807e-14,0.004990801644896114,4.5991776271603825e-06,1.478107759849322e-05
212.61261261261262,8.089429943697857e-10,2.6742933262144305e-07,1.332667637676237e-14,0.004990801644891664,4.599177627160354e-06,1.4787101772785973e-05
212.91291291291293,8.089429943697855e-10,2.6742933262144374e-07,1.3326676376762921e-14,0.004990801644887345,4.599177627160327e-06,1.4793107883601104e-05
213.2132132132132,8.089429943697855e-10,2.674293326214445e-07,1.3326676376763451e-14,0.004990801644883154,4.5991776271603e-06,1.4799095985101955e-05
213.51351351351352,8.089429943697856e-10,2.6742933262144517e-07,1.3326676376763967e-14,0.004990801644879087,4.599177627160274e-06,1.4805066131289472e-05
213.81381381381382,8.089429943697856e-10,2.674293326214458e-07,1.3326676376764469e-14,0.00499080164487514,4.59917762716025e-06,1.4811018376002616e-05
214.11411411411413,8.089429943697857e-10,2.674293326214465e-07,1.3326676376764956e-14,0.0049908016448713104,4.599177627160226e-06,1.4816952772918871e-05
214.4144144144144,8.089429943697858e-10,2.674293326214471e-07,1.3326676376765426e-14,0.004990801644867594,4.599177627160203e-06,1.4822869375554895e-05
214.71471471471472,8.089429943697857e-10,2.6742933262144776e-07,1.3326676376765884e-14,0.004990801644863987,4.59917762716018e-06,1.4828768237266841e-05
215.01501501501502,8.089429943697857e-10,2.6742933262144835e-07,1.3326676376766329e-14,0.0049908016448604875,4.599177627160158e-06,1.4834649411250728e-05
215.31531531531533,8.089429943697857e-10,2.674293326214489e-07,1.332667637676676e-14,0.004990801644857091,4.599177627160136e-06,1.4840512950543254e-05
215.6156156156156,8.089429943697857e-10,2.674293326214494e-07,1.3326676376767178e-14,0.004990801644853794,4.599177627160116e-06,1.4846358908022063e-05
215.91591591591592,8.089429943697857e-10,2.6742933262145e-07,1.3326676376767583e-14,0.004990801644850595,4.599177627160095e-06,1.48521873364061e-05
216.21621621621622,8.089429943697856e-10,2.6742933262145046e-07,1.3326676376767979e-14,0.004990801644847493,4.599177627160076e-06,1.485799828825636e-05
216.51651651651653,8.089429943697856e-10,2.6742933262145094e-07,1.332667637676836e-14,0.00499080164484448,4.599177627160056e-06,1.4863791815976247e-05
216.8168168168168,8.089429943697856e-10,2.6742933262145147e-07,1.3326676376768732e-14,0.004990801644841557,4.599177627160038e-06,1.4869567971811972e-05
217.11711711711712,8.089429943697857e-10,2.6742933262145195e-07,1.3326676376769091e-14,0.004990801644838722,4.59917762716002e-06,1.4875326807853041e-05
217.41741741741743,8.089429943697856e-10,2.674293326214524e-07,1.332667637676944e-14,0.004990801644835968,4.599177627160002e-06,1.4881068376032902e-05
217.71771771771773,8.089429943697859e-10,2.674293326214529e-07,1.3326676376769779e-14,0.0049908016448332974,4.599177627159986e-06,1.4886792728129236e-05
218.018018018018,8.089429943697859e-10,2.674293326214533e-07,1.3326676376770109e-14,0.004990801644830706,4.599177627159969e-06,1.4892499915764332e-05
218.31831831831832,8.089429943697859e-10,2.6742933262145375e-07,1.3326676376770428e-14,0.0049908016448281895,4.599177627159954e-06,1.4898189990405878e-05
218.61861861861863,8.089429943697858e-10,2.674293326214541e-07,1.3326676376770738e-14,0.004990801644825749,4.599177627159939e-06,1.4903863003367197e-05
218.91891891891893,8.089429943697858e-10,2.674293326214545e-07,1.3326676376771038e-14,0.00499080164482338,4.5991776271599226e-06,1.4909519005807624e-05
219.2192192192192,8.089429943697856e-10,2.6742933262145486e-07,1.332667637677133e-14,0.0049908016448210815,4.599177627159909e-06,1.4915158048733203e-05
219.51951951951952,8.089429943697856e-10,2.6742933262145523e-07,1.3326676376771612e-14,0.004990801644818851,4.599177627159895e-06,1.4920780182997063e-05
219.81981981981983,8.089429943697857e-10,2.6742933262145555e-07,1.3326676376771889e-14,0.004990801644816687,4.599177627159881e-06,1.4926385459299784e-05
220.12012012012013,8.089429943697856e-10,2.6742933262145597e-07,1.3326676376772155e-14,0.004990801644814585,4.599177627159868e-06,1.493197392818987e-05
220.4204204204204,8.089429943697857e-10,2.674293326214563e-07,1.3326676376772414e-14,0.004990801644812547,4.599177627159855e-06,1.4937545640064396e-05
220.72072072072072,8.089429943697855e-10,2.6742933262145666e-07,1.3326676376772665e-14,0.004990801644810569,4.599177627159841e-06,1.4943100645169271e-05
221.02102102102103,8.089429943697856e-10,2.6742933262145703e-07,1.3326676376772908e-14,0.00499080164480865,4.599177627159829e-06,1.4948638993599608e-05
221.32132132132134,8.089429943697856e-10,2.6742933262145735e-07,1.3326676376773144e-14,0.0049908016448067865,4.5991776271598175e-06,1.49541607353005e-05
221.6216216216216,8.089429943697857e-10,2.6742933262145756e-07,1.3326676376773375e-14,0.004990801644804979,4.5991776271598065e-06,1.495966592006723e-05
221.92192192192192,8.089429943697858e-10,2.674293326214578e-07,1.3326676376773597e-14,0.004990801644803224,4.5991776271597955e-06,1.496515459754566e-05
222.22222222222223,8.089429943697857e-10,2.6742933262145814e-07,1.3326676376773813e-14,0.0049908016448015225,4.5991776271597845e-06,1.4970626817232893e-05
222.52252252252254,8.089429943697857e-10,2.674293326214584e-07,1.3326676376774022e-14,0.00499080164479987,4.599177627159774e-06,1.4976082628477637e-05
222.82282282282281,8.089429943697856e-10,2.674293326214587e-07,1.3326676376774227e-14,0.0049908016447982664,4.599177627159764e-06,1.4981522080480555e-05
223.12312312312312,8.089429943697855e-10,2.6742933262145904e-07,1.3326676376774424e-14,0.00499080164479671,4.599177627159755e-06,1.4986945222294761e-05
223.42342342342343,8.089429943697856e-10,2.6742933262145925e-07,1.3326676376774615e-14,0.004990801644795201,4.599177627159745e-06,1.4992352102826397e-05
223.72372372372374,8.089429943697857e-10,2.6742933262145946e-07,1.3326676376774801e-14,0.004990801644793736,4.599177627159737e-06,1.499774277083491e-05
224.02402402402402,8.089429943697858e-10,2.674293326214597e-07,1.3326676376774981e-14,0.004990801644792315,4.599177627159727e-06,1.5003117274933429e-05
224.32432432432432,8.089429943697858e-10,2.674293326214599e-07,1.3326676376775158e-14,0.0049908016447909355,4.5991776271597184e-06,1.5008475663589479e-05
224.62462462462463,8.089429943697858e-10,2.674293326214601e-07,1.3326676376775326e-14,0.004990801644789596,4.59917762715971e-06,1.5013817985125233e-05
224.92492492492494,8.089429943697858e-10,2.6742933262146026e-07,1.3326676376775492e-14,0.004990801644788297,4.599177627159702e-06,1.5019144287717836e-05
225.22522522522522,8.089429943697858e-10,2.674293326214605e-07,1.3326676376775651e-14,0.004990801644787038,4.599177627159693e-06,1.5024454619400094e-05
225.52552552552552,8.089429943697857e-10,2.6742933262146073e-07,1.3326676376775808e-14,0.004990801644785813,4.599177627159685e-06,1.5029749028060802e-05
225.82582582582583,8.089429943697856e-10,2.67429332621461e-07,1.3326676376775958e-14,0.004990801644784626,4.599177627159678e-06,1.5035027561445094e-05
226.12612612612614,8.089429943697857e-10,2.674293326214612e-07,1.3326676376776104e-14,0.004990801644783474,4.59917762715967e-06,1.5040290267154911e-05
226.42642642642642,8.089429943697856e-10,2.6742933262146137e-07,1.3326676376776246e-14,0.0049908016447823556,4.5991776271596625e-06,1.504553719264957e-05
226.72672672672672,8.089429943697856e-10,2.6742933262146153e-07,1.3326676376776384e-14,0.0049908016447812705,4.599177627159656e-06,1.505076838524605e-05
227.02702702702703,8.089429943697857e-10,2.674293326214617e-07,1.3326676376776518e-14,0.004990801644780218,4.599177627159649e-06,1.5055983892119318e-05
227.32732732732734,8.089429943697857e-10,2.674293326214619e-07,1.3326676376776647e-14,0.004990801644779197,4.599177627159643e-06,1.5061183760303061e-05
227.62762762762762,8.089429943697857e-10,2.6742933262146206e-07,1.3326676376776773e-14,0.004990801644778205,4.599177627159637e-06,1.50663680366899e-05
227.92792792792793,8.089429943697857e-10,2.6742933262146216e-07,1.3326676376776896e-14,0.0049908016447772425,4.599177627159632e-06,1.5071536768031734e-05
228.22822822822823,8.089429943697857e-10,2.6742933262146243e-07,1.3326676376777013e-14,0.004990801644776309,4.599177627159626e-06,1.5076690000940385e-05
228.52852852852854,8.089429943697857e-10,2.674293326214626e-07,1.3326676376777128e-14,0.004990801644775404,4.59917762715962e-06,1.5081827781887922e-05
228.82882882882882,8.089429943697857e-10,2.674293326214628e-07,1.332667637677724e-14,0.004990801644774523,4.599177627159615e-06,1.5086950157207e-05
229.12912912912913,8.089429943697857e-10,2.674293326214629e-07,1.3326676376777348e-14,0.004990801644773671,4.599177627159609e-06,1.509205717309133e-05
229.42942942942943,8.089429943697857e-10,2.6742933262146306e-07,1.3326676376777453e-14,0.004990801644772842,4.599177627159604e-06,1.5097148875596214e-05
229.72972972972974,8.089429943697857e-10,2.67429332621463e-07,1.3326676376777556e-14,0.004990801644772039,4.599177627159598e-06,1.5102225310638816e-05
230.03003003003002,8.089429943697857e-10,2.674293326214631e-07,1.3326676376777655e-14,0.004990801644771259,4.599177627159592e-06,1.5107286523998498e-05
230.33033033033033,8.089429943697857e-10,2.674293326214633e-07,1.332667637677775e-14,0.004990801644770502,4.599177627159587e-06,1.511233256131753e-05
230.63063063063063,8.089429943697856e-10,2.6742933262146343e-07,1.3326676376777844e-14,0.004990801644769768,4.599177627159583e-06,1.5117363468101275e-05
230.93093093093094,8.089429943697855e-10,2.6742933262146364e-07,1.3326676376777933e-14,0.004990801644769055,4.599177627159578e-06,1.5122379289718538e-05
231.23123123123125,8.089429943697856e-10,2.6742933262146375e-07,1.3326676376778023e-14,0.004990801644768363,4.599177627159573e-06,1.5127380071402193e-05
231.53153153153153,8.089429943697857e-10,2.6742933262146386e-07,1.3326676376778108e-14,0.004990801644767693,4.599177627159569e-06,1.5132365858249507e-05
231.83183183183183,8.089429943697858e-10,2.6742933262146386e-07,1.332667637677819e-14,0.004990801644767041,4.599177627159566e-06,1.5137336695222442e-05
232.13213213213214,8.089429943697859e-10,2.6742933262146396e-07,1.3326676376778269e-14,0.00499080164476641,4.599177627159562e-06,1.5142292627148136e-05
232.43243243243245,8.089429943697858e-10,2.674293326214641e-07,1.3326676376778348e-14,0.004990801644765796,4.599177627159558e-06,1.5147233698719404e-05
232.73273273273273,8.089429943697857e-10,2.6742933262146423e-07,1.3326676376778424e-14,0.004990801644765202,4.599177627159555e-06,1.515215995449502e-05
233.03303303303304,8.089429943697855e-10,2.6742933262146433e-07,1.3326676376778496e-14,0.004990801644764624,4.599177627159552e-06,1.5157071438900023e-05
233.33333333333334,8.089429943697855e-10,2.6742933262146444e-07,1.3326676376778567e-14,0.004990801644764063,4.599177627159549e-06,1.5161968196226421e-05
233.63363363363365,8.089429943697857e-10,2.674293326214645e-07,1.3326676376778637e-14,0.004990801644763519,4.599177627159545e-06,1.5166850270633368e-05
233.93393393393393,8.089429943697857e-10,2.6742933262146454e-07,1.3326676376778704e-14,0.004990801644762991,4.599177627159541e-06,1.5171717706147484e-05
234.23423423423424,8.089429943697857e-10,2.6742933262146465e-07,1.3326676376778769e-14,0.004990801644762479,4.599177627159539e-06,1.517657054666351e-05
234.53453453453454,8.089429943697857e-10,2.6742933262146476e-07,1.3326676376778832e-14,0.004990801644761983,4.599177627159535e-06,1.5181408835944558e-05
234.83483483483485,8.089429943697856e-10,2.6742933262146486e-07,1.3326676376778894e-14,0.0049908016447615,4.599177627159532e-06,1.5186232617622462e-05
235.13513513513513,8.089429943697855e-10,2.67429332621465e-07,1.3326676376778954e-14,0.0049908016447610315,4.599177627159528e-06,1.5191041935198204e-05
235.43543543543544,8.089429943697855e-10,2.674293326214651e-07,1.332667637677901e-14,0.004990801644760578,4.599177627159525e-06,1.519583683204243e-05
235.73573573573574,8.089429943697856e-10,2.674293326214651e-07,1.3326676376779067e-14,0.004990801644760136,4.599177627159523e-06,1.5200617351395697e-05
236.03603603603605,8.089429943697856e-10,2.6742933262146513e-07,1.332667637677912e-14,0.00499080164475971,4.599177627159519e-06,1.5205383536368803e-05
236.33633633633633,8.089429943697857e-10,2.674293326214652e-07,1.3326676376779173e-14,0.004990801644759294,4.599177627159517e-06,1.5210135429943429e-05
236.63663663663664,8.089429943697857e-10,2.674293326214653e-07,1.3326676376779225e-14,0.004990801644758892,4.599177627159514e-06,1.5214873074972345e-05
236.93693693693695,8.089429943697856e-10,2.6742933262146534e-07,1.3326676376779274e-14,0.0049908016447585005,4.599177627159511e-06,1.5219596514179705e-05
237.23723723723725,8.089429943697856e-10,2.674293326214654e-07,1.3326676376779323e-14,0.004990801644758121,4.599177627159509e-06,1.522430579016169e-05
237.53753753753753,8.089429943697856e-10,2.6742933262146544e-07,1.332667637677937e-14,0.004990801644757753,4.599177627159507e-06,1.522900094538673e-05
237.83783783783784,8.089429943697855e-10,2.674293326214656e-07,1.3326676376779414e-14,0.0049908016447573955,4.599177627159505e-06,1.5233682022195877e-05
238.13813813813815,8.089429943697855e-10,2.674293326214656e-07,1.3326676376779458e-14,0.004990801644757049,4.5991776271595024e-06,1.5238349062803202e-05
238.43843843843845,8.089429943697856e-10,2.6742933262146566e-07,1.3326676376779501e-14,0.004990801644756713,4.599177627159501e-06,1.5243002109296287e-05
238.73873873873873,8.089429943697857e-10,2.6742933262146576e-07,1.3326676376779542e-14,0.004990801644756386,4.599177627159498e-06,1.5247641203636475e-05
239.03903903903904,8.089429943697857e-10,2.674293326214658e-07,1.3326676376779583e-14,0.004990801644756069,4.5991776271594965e-06,1.5252266387659194e-05
239.33933933933935,8.089429943697858e-10,2.6742933262146587e-07,1.3326676376779623e-14,0.004990801644755762,4.599177627159495e-06,1.525687770307457e-05
239.63963963963965,8.089429943697857e-10,2.674293326214659e-07,1.332667637677966e-14,0.004990801644755464,4.599177627159493e-06,1.5261475191467635e-05
239.93993993993993,8.089429943697856e-10,2.67429332621466e-07,1.3326676376779697e-14,0.004990801644755175,4.5991776271594914e-06,1.526605889429861e-05
240.24024024024024,8.089429943697856e-10,2.6742933262146603e-07,1.3326676376779731e-14,0.004990801644754894,4.59917762715949e-06,1.5270628852903515e-05
240.54054054054055,8.089429943697857e-10,2.6742933262146603e-07,1.3326676376779766e-14,0.004990801644754622,4.599177627159488e-06,1.527518510849443e-05
240.84084084084085,8.089429943697857e-10,2.6742933262146603e-07,1.33266763767798e-14,0.004990801644754357,4.599177627159486e-06,1.5279727702159792e-05
241.14114114114113,8.089429943697858e-10,2.674293326214661e-07,1.3326676376779832e-14,0.0049908016447540995,4.599177627159485e-06,1.5284256674864832e-05
241.44144144144144,8.089429943697858e-10,2.674293326214661e-07,1.3326676376779864e-14,0.004990801644753851,4.599177627159482e-06,1.528877206745203e-05
241.74174174174175,8.089429943697856e-10,2.674293326214662e-07,1.3326676376779894e-14,0.004990801644753609,4.599177627159482e-06,1.5293273920641365e-05
242.04204204204206,8.089429943697855e-10,2.674293326214662e-07,1.3326676376779925e-14,0.004990801644753374,4.5991776271594796e-06,1.529776227503061e-05
242.34234234234233,8.089429943697857e-10,2.674293326214663e-07,1.3326676376779954e-14,0.004990801644753147,4.599177627159479e-06,1.5302237171095968e-05
242.64264264264264,8.089429943697857e-10,2.6742933262146634e-07,1.332667637677998e-14,0.004990801644752926,4.599177627159477e-06,1.530669864919223e-05
242.94294294294295,8.089429943697857e-10,2.674293326214664e-07,1.3326676376780008e-14,0.004990801644752712,4.599177627159475e-06,1.5311146749553068e-05
243.24324324324326,8.089429943697858e-10,2.674293326214664e-07,1.3326676376780036e-14,0.004990801644752504,4.5991776271594745e-06,1.5315581512291646e-05
243.54354354354354,8.089429943697858e-10,2.674293326214664e-07,1.3326676376780061e-14,0.004990801644752302,4.599177627159474e-06,1.5320002977400833e-05
243.84384384384384,8.089429943697856e-10,2.6742933262146634e-07,1.3326676376780085e-14,0.004990801644752107,4.599177627159472e-06,1.5324411184753534e-05
244.14414414414415,8.089429943697856e-10,2.6742933262146634e-07,1.332667637678011e-14,0.004990801644751916,4.59917762715947e-06,1.5328806174103056e-05
244.44444444444446,8.089429943697855e-10,2.674293326214664e-07,1.3326676376780134e-14,0.0049908016447517325,4.599177627159469e-06,1.5333187985083636e-05
244.74474474474474,8.089429943697855e-10,2.674293326214665e-07,1.3326676376780156e-14,0.004990801644751553,4.599177627159468e-06,1.5337556657210587e-05
245.04504504504504,8.089429943697855e-10,2.6742933262146656e-07,1.3326676376780178e-14,0.004990801644751379,4.599177627159468e-06,1.534191222988068e-05
245.34534534534535,8.089429943697856e-10,2.674293326214666e-07,1.3326676376780198e-14,0.00499080164475121,4.599177627159466e-06,1.5346254742372662e-05
245.64564564564566,8.089429943697856e-10,2.674293326214666e-07,1.332667637678022e-14,0.004990801644751046,4.599177627159465e-06,1.5350584233847492e-05
245.94594594594594,8.089429943697857e-10,2.674293326214666e-07,1.3326676376780241e-14,0.004990801644750887,4.599177627159464e-06,1.535490074334859e-05
246.24624624624624,8.089429943697857e-10,2.6742933262146666e-07,1.332667637678026e-14,0.004990801644750733,4.5991776271594635e-06,1.5359204309802427e-05
246.54654654654655,8.089429943697858e-10,2.6742933262146666e-07,1.3326676376780279e-14,0.004990801644750584,4.599177627159463e-06,1.5363494972018733e-05
246.84684684684686,8.089429943697859e-10,2.674293326214667e-07,1.3326676376780298e-14,0.004990801644750438,4.599177627159463e-06,1.5367772768690818e-05
247.14714714714714,8.089429943697858e-10,2.6742933262146677e-07,1.3326676376780315e-14,0.004990801644750298,4.599177627159462e-06,1.5372037738395973e-05
247.44744744744744,8.089429943697858e-10,2.6742933262146677e-07,1.3326676376780333e-14,0.004990801644750162,4.599177627159461e-06,1.5376289919595882e-05
247.74774774774775,8.089429943697856e-10,2.6742933262146677e-07,1.332667637678035e-14,0.004990801644750029,4.599177627159459e-06,1.5380529350636873e-05
248.04804804804806,8.089429943697856e-10,2.674293326214668e-07,1.3326676376780366e-14,0.004990801644749901,4.599177627159458e-06,1.5384756069750197e-05
248.34834834834834,8.089429943697856e-10,2.6742933262146677e-07,1.3326676376780381e-14,0.004990801644749776,4.5991776271594575e-06,1.538897011505262e-05
248.64864864864865,8.089429943697858e-10,2.674293326214668e-07,1.3326676376780397e-14,0.004990801644749654,4.599177627159457e-06,1.539317152454656e-05
248.94894894894895,8.089429943697858e-10,2.674293326214668e-07,1.3326676376780411e-14,0.004990801644749537,4.599177627159457e-06,1.5397360336120393e-05
249.24924924924926,8.08942994369786e-10,2.674293326214668e-07,1.3326676376780426e-14,0.0049908016447494236,4.599177627159455e-06,1.540153658754901e-05
249.54954954954954,8.089429943697858e-10,2.6742933262146693e-07,1.3326676376780441e-14,0.0049908016447493125,4.599177627159454e-06,1.540570031649401e-05
249.84984984984985,8.089429943697856e-10,2.67429332621467e-07,1.3326676376780454e-14,0.004990801644749204,4.599177627159453e-06,1.5409851560504014e-05
250.15015015015015,8.089429943697856e-10,2.6742933262146693e-07,1.3326676376780467e-14,0.004990801644749101,4.599177627159453e-06,1.5413990357015054e-05
250.45045045045046,8.089429943697856e-10,2.6742933262146703e-07,1.3326676376780481e-14,0.004990801644748999,4.5991776271594525e-06,1.541811674335098e-05
250.75075075075077,8.089429943697856e-10,2.67429332621467e-07,1.3326676376780492e-14,0.004990801644748901,4.5991776271594525e-06,1.5422230756723695e-05
251.05105105105105,8.089429943697856e-10,2.67429332621467e-07,1.3326676376780505e-14,0.004990801644748806,4.599177627159451e-06,1.542633243423345e-05
251.35135135135135,8.089429943697856e-10,2.6742933262146693e-07,1.3326676376780517e-14,0.004990801644748714,4.599177627159452e-06,1.543042181286935e-05
251.65165165165166,8.089429943697856e-10,2.67429332621467e-07,1.3326676376780527e-14,0.004990801644748625,4.599177627159451e-06,1.5434498929509583e-05
251.95195195195197,8.089429943697855e-10,2.6742933262146703e-07,1.332667637678054e-14,0.004990801644748537,4.599177627159451e-06,1.5438563820921642e-05
252.25225225225225,8.089429943697856e-10,2.6742933262146703e-07,1.332667637678055e-14,0.004990801644748453,4.59917762715945e-06,1.5442616523762905e-05
252.55255255255256,8.089429943697856e-10,2.674293326214671e-07,1.332667637678056e-14,0.004990801644748371,4.599177627159449e-06,1.5446657074580805e-05
252.85285285285286,8.089429943697857e-10,2.6742933262146714e-07,1.3326676376780569e-14,0.004990801644748291,4.599177627159449e-06,1.5450685509813136e-05
253.15315315315317,8.089429943697859e-10,2.674293326214672e-07,1.332667637678058e-14,0.004990801644748214,4.599177627159447e-06,1.5454701865788444e-05
253.45345345345345,8.089429943697858e-10,2.674293326214672e-07,1.332667637678059e-14,0.004990801644748139,4.5991776271594465e-06,1.5458706178726396e-05
253.75375375375376,8.089429943697857e-10,2.6742933262146714e-07,1.3326676376780598e-14,0.004990801644748065,4.5991776271594465e-06,1.546269848473804e-05
254.05405405405406,8.089429943697857e-10,2.6742933262146714e-07,1.3326676376780607e-14,0.004990801644747996,4.599177627159446e-06,1.5466678819826058e-05
254.35435435435437,8.089429943697857e-10,2.6742933262146714e-07,1.3326676376780617e-14,0.0049908016447479265,4.599177627159445e-06,1.547064721988529e-05
254.65465465465465,8.089429943697858e-10,2.6742933262146714e-07,1.3326676376780624e-14,0.004990801644747861,4.599177627159445e-06,1.5474603720702944e-05
254.95495495495496,8.089429943697859e-10,2.674293326214671e-07,1.3326676376780632e-14,0.004990801644747796,4.599177627159444e-06,1.5478548357958785e-05
255.25525525525526,8.089429943697858e-10,2.6742933262146714e-07,1.332667637678064e-14,0.004990801644747733,4.599177627159445e-06,1.5482481167225738e-05
255.55555555555557,8.089429943697858e-10,2.674293326214672e-07,1.3326676376780648e-14,0.004990801644747672,4.599177627159444e-06,1.5486402183970027e-05
255.85585585585585,8.089429943697857e-10,2.674293326214672e-07,1.3326676376780656e-14,0.004990801644747614,4.599177627159444e-06,1.5490311443551483e-05
256.15615615615616,8.089429943697856e-10,2.6742933262146724e-07,1.3326676376780664e-14,0.004990801644747557,4.599177627159443e-06,1.5494208981223932e-05
256.45645645645646,8.089429943697856e-10,2.6742933262146724e-07,1.332667637678067e-14,0.004990801644747501,4.599177627159443e-06,1.5498094832135535e-05
256.7567567567568,8.089429943697858e-10,2.6742933262146724e-07,1.3326676376780676e-14,0.004990801644747447,4.599177627159443e-06,1.5501969031329035e-05
257.0570570570571,8.089429943697859e-10,2.674293326214672e-07,1.3326676376780683e-14,0.004990801644747395,4.599177627159443e-06,1.5505831613742023e-05
257.3573573573574,8.089429943697858e-10,2.674293326214672e-07,1.332667637678069e-14,0.0049908016447473445,4.599177627159442e-06,1.550968261420744e-05
257.65765765765764,8.089429943697858e-10,2.674293326214672e-07,1.3326676376780697e-14,0.004990801644747295,4.599177627159442e-06,1.551352206745379e-05
257.95795795795794,8.089429943697858e-10,2.6742933262146714e-07,1.3326676376780703e-14,0.0049908016447472465,4.5991776271594415e-06,1.5517350008105297e-05
258.25825825825825,8.089429943697858e-10,2.6742933262146724e-07,1.3326676376780708e-14,0.0049908016447472005,4.599177627159441e-06,1.55211664706825e-05
258.55855855855856,8.089429943697857e-10,2.6742933262146724e-07,1.3326676376780714e-14,0.004990801644747155,4.599177627159441e-06,1.552497148960242e-05
258.85885885885887,8.089429943697856e-10,2.6742933262146735e-07,1.3326676376780719e-14,0.004990801644747112,4.599177627159441e-06,1.5528765099178814e-05
259.1591591591592,8.089429943697856e-10,2.674293326214673e-07,1.3326676376780725e-14,0.00499080164474707,4.599177627159441e-06,1.5532547333622554e-05
259.4594594594595,8.089429943697857e-10,2.674293326214673e-07,1.332667637678073e-14,0.004990801644747029,4.59917762715944e-06,1.5536318227042016e-05
259.7597597597598,8.089429943697858e-10,2.674293326214673e-07,1.3326676376780735e-14,0.004990801644746989,4.59917762715944e-06,1.5540077813443226e-05
260.06006006006004,8.089429943697859e-10,2.6742933262146724e-07,1.3326676376780741e-14,0.00499080164474695,4.599177627159439e-06,1.5543826126730223e-05
260.36036036036035,8.089429943697858e-10,2.6742933262146735e-07,1.3326676376780744e-14,0.004990801644746913,4.599177627159439e-06,1.5547563200705465e-05
260.66066066066065,8.089429943697858e-10,2.6742933262146735e-07,1.3326676376780749e-14,0.004990801644746876,4.599177627159439e-06,1.5551289069070036e-05
260.96096096096096,8.089429943697859e-10,2.674293326214674e-07,1.3326676376780754e-14,0.0049908016447468406,4.599177627159438e-06,1.5555003765423858e-05
261.26126126126127,8.089429943697859e-10,2.6742933262146735e-07,1.3326676376780759e-14,0.004990801644746807,4.599177627159438e-06,1.555870732326624e-05
261.5615615615616,8.089429943697858e-10,2.6742933262146735e-07,1.3326676376780763e-14,0.004990801644746774,4.599177627159438e-06,1.5562399775996017e-05
261.8618618618619,8.089429943697858e-10,2.6742933262146735e-07,1.3326676376780766e-14,0.004990801644746741,4.599177627159437e-06,1.5566081156911815e-05
262.1621621621622,8.089429943697858e-10,2.6742933262146724e-07,1.3326676376780771e-14,0.004990801644746709,4.599177627159438e-06,1.5569751499212434e-05
262.46246246246244,8.089429943697857e-10,2.674293326214673e-07,1.3326676376780774e-14,0.004990801644746679,4.599177627159438e-06,1.5573410835997195e-05
262.76276276276275,8.089429943697857e-10,2.6742933262146735e-07,1.3326676376780779e-14,0.00499080164474665,4.599177627159438e-06,1.5577059200266115e-05
263.06306306306305,8.089429943697857e-10,2.674293326214674e-07,1.332667637678078e-14,0.004990801644746621,4.599177627159437e-06,1.5580696624920214e-05
263.36336336336336,8.089429943697857e-10,2.674293326214674e-07,1.3326676376780785e-14,0.0049908016447465925,4.599177627159437e-06,1.5584323142761947e-05
263.66366366366367,8.089429943697859e-10,2.674293326214674e-07,1.3326676376780789e-14,0.0049908016447465665,4.599177627159436e-06,1.5587938786495415e-05
263.963963963964,8.089429943697859e-10,2.674293326214674e-07,1.3326676376780792e-14,0.0049908016447465404,4.599177627159436e-06,1.559154358872653e-05
264.2642642642643,8.089429943697859e-10,2.674293326214674e-07,1.3326676376780795e-14,0.004990801644746515,4.599177627159436e-06,1.5595137581963565e-05
264.5645645645646,8.089429943697859e-10,2.674293326214674e-07,1.3326676376780798e-14,0.00499080164474649,4.599177627159436e-06,1.5598720798617298e-05
264.86486486486484,8.089429943697857e-10,2.674293326214674e-07,1.3326676376780801e-14,0.004990801644746467,4.599177627159436e-06,1.560229327100126e-05
265.16516516516515,8.089429943697857e-10,2.674293326214674e-07,1.3326676376780804e-14,0.004990801644746443,4.599177627159436e-06,1.5605855031332124e-05
265.46546546546546,8.089429943697856e-10,2.674293326214674e-07,1.3326676376780807e-14,0.00499080164474642,4.599177627159436e-06,1.5609406111729995e-05
265.76576576576576,8.089429943697857e-10,2.674293326214674e-07,1.332667637678081e-14,0.004990801644746398,4.599177627159437e-06,1.5612946544218638e-05
266.06606606606607,8.089429943697856e-10,2.674293326214674e-07,1.3326676376780814e-14,0.0049908016447463765,4.599177627159436e-06,1.5616476360725738e-05
266.3663663663664,8.089429943697857e-10,2.674293326214674e-07,1.3326676376780815e-14,0.004990801644746356,4.599177627159436e-06,1.5619995593083348e-05
266.6666666666667,8.089429943697857e-10,2.6742933262146746e-07,1.3326676376780817e-14,0.004990801644746336,4.599177627159436e-06,1.562350427302805e-05
266.966966966967,8.089429943697858e-10,2.674293326214674e-07,1.332667637678082e-14,0.0049908016447463175,4.599177627159436e-06,1.5627002432201164e-05
267.26726726726724,8.089429943697858e-10,2.674293326214674e-07,1.3326676376780822e-14,0.0049908016447462985,4.599177627159436e-06,1.563049010214924e-05
267.56756756756755,8.089429943697858e-10,2.6742933262146746e-07,1.3326676376780825e-14,0.004990801644746279,4.5991776271594355e-06,1.5633967314324236e-05
267.86786786786786,8.089429943697857e-10,2.6742933262146746e-07,1.3326676376780828e-14,0.004990801644746262,4.599177627159436e-06,1.5637434100083736e-05
268.16816816816817,8.089429943697858e-10,2.6742933262146746e-07,1.332667637678083e-14,0.0049908016447462455,4.599177627159435e-06,1.5640890490691323e-05
268.4684684684685,8.089429943697858e-10,2.6742933262146746e-07,1.3326676376780831e-14,0.004990801644746228,4.599177627159435e-06,1.564433651731687e-05
268.7687687687688,8.089429943697857e-10,2.674293326214674e-07,1.3326676376780834e-14,0.004990801644746212,4.599177627159434e-06,1.5647772211036774e-05
269.0690690690691,8.089429943697856e-10,2.6742933262146735e-07,1.3326676376780836e-14,0.004990801644746196,4.599177627159434e-06,1.5651197602834174e-05
269.3693693693694,8.089429943697857e-10,2.6742933262146735e-07,1.3326676376780837e-14,0.0049908016447461805,4.599177627159434e-06,1.5654612723599414e-05
269.6696696696697,8.089429943697857e-10,2.674293326214674e-07,1.332667637678084e-14,0.004990801644746167,4.599177627159434e-06,1.5658017604130208e-05
269.96996996996995,8.089429943697857e-10,2.674293326214674e-07,1.3326676376780842e-14,0.004990801644746152,4.599177627159434e-06,1.566141227513179e-05
270.27027027027026,8.089429943697857e-10,2.6742933262146746e-07,1.3326676376780844e-14,0.004990801644746138,4.599177627159435e-06,1.5664796767217475e-05
270.57057057057057,8.089429943697857e-10,2.6742933262146746e-07,1.3326676376780845e-14,0.004990801644746125,4.599177627159435e-06,1.566817111090874e-05
270.8708708708709,8.089429943697858e-10,2.674293326214675e-07,1.3326676376780847e-14,0.004990801644746111,4.599177627159435e-06,1.56715353366355e-05
271.1711711711712,8.089429943697857e-10,2.674293326214675e-07,1.3326676376780848e-14,0.0049908016447461,4.599177627159435e-06,1.567488947473645e-05
271.4714714714715,8.089429943697857e-10,2.6742933262146746e-07,1.332667637678085e-14,0.004990801644746087,4.599177627159435e-06,1.567823355545935e-05
271.7717717717718,8.089429943697857e-10,2.6742933262146746e-07,1.3326676376780852e-14,0.004990801644746075,4.599177627159435e-06,1.5681567608961244e-05
272.0720720720721,8.089429943697857e-10,2.674293326214674e-07,1.3326676376780853e-14,0.0049908016447460625,4.599177627159435e-06,1.5684891665308674e-05
272.37237237237235,8.089429943697857e-10,2.6742933262146746e-07,1.3326676376780853e-14,0.004990801644746051,4.599177627159434e-06,1.5688205754478142e-05
272.67267267267266,8.089429943697857e-10,2.6742933262146746e-07,1.3326676376780855e-14,0.004990801644746041,4.599177627159434e-06,1.569150990635625e-05
272.97297297297297,8.089429943697858e-10,2.6742933262146746e-07,1.3326676376780856e-14,0.0049908016447460304,4.599177627159434e-06,1.569480415073986e-05
273.2732732732733,8.089429943697858e-10,2.6742933262146746e-07,1.3326676376780858e-14,0.00499080164474602,4.599177627159433e-06,1.5698088517336633e-05
273.5735735735736,8.089429943697857e-10,2.6742933262146746e-07,1.332667637678086e-14,0.00499080164474601,4.599177627159433e-06,1.570136303576512e-05
273.8738738738739,8.089429943697856e-10,2.674293326214675e-07,1.332667637678086e-14,0.004990801644746,4.599177627159433e-06,1.5704627735554998e-05
274.1741741741742,8.089429943697854e-10,2.674293326214675e-07,1.3326676376780861e-14,0.0049908016447459905,4.599177627159433e-06,1.5707882646147442e-05
274.4744744744745,8.089429943697855e-10,2.674293326214675e-07,1.3326676376780863e-14,0.004990801644745981,4.599177627159433e-06,1.5711127796895373e-05
274.77477477477476,8.089429943697856e-10,2.674293326214675e-07,1.3326676376780864e-14,0.004990801644745972,4.599177627159432e-06,1.571436321706367e-05
275.07507507507506,8.089429943697858e-10,2.674293326214675e-07,1.3326676376780864e-14,0.0049908016447459645,4.599177627159432e-06,1.5717588935829417e-05
275.37537537537537,8.089429943697857e-10,2.674293326214675e-07,1.3326676376780866e-14,0.004990801644745956,4.599177627159433e-06,1.5720804982282287e-05
275.6756756756757,8.089429943697858e-10,2.6742933262146746e-07,1.3326676376780867e-14,0.004990801644745948,4.599177627159433e-06,1.5724011385424732e-05
275.975975975976,8.089429943697858e-10,2.6742933262146746e-07,1.3326676376780867e-14,0.00499080164474594,4.599177627159433e-06,1.5727208174172128e-05
276.2762762762763,8.089429943697858e-10,2.6742933262146746e-07,1.3326676376780869e-14,0.004990801644745932,4.599177627159433e-06,1.573039537735326e-05
276.5765765765766,8.089429943697858e-10,2.6742933262146746e-07,1.332667637678087e-14,0.004990801644745925,4.599177627159433e-06,1.573357302371046e-05
276.8768768768769,8.089429943697857e-10,2.6742933262146746e-07,1.332667637678087e-14,0.004990801644745918,4.599177627159433e-06,1.5736741141899815e-05
277.17717717717716,8.089429943697857e-10,2.6742933262146746e-07,1.3326676376780872e-14,0.00499080164474591,4.599177627159432e-06,1.5739899760491522e-05
277.47747747747746,8.089429943697857e-10,2.674293326214675e-07,1.3326676376780874e-14,0.004990801644745904,4.599177627159432e-06,1.5743048907970127e-05
277.77777777777777,8.089429943697857e-10,2.674293326214674e-07,1.3326676376780874e-14,0.004990801644745897,4.599177627159432e-06,1.574618861273476e-05
278.0780780780781,8.089429943697856e-10,2.6742933262146746e-07,1.3326676376780875e-14,0.00499080164474589,4.599177627159432e-06,1.574931890309934e-05
278.3783783783784,8.089429943697857e-10,2.6742933262146746e-07,1.3326676376780875e-14,0.004990801644745884,4.599177627159432e-06,1.5752439807292965e-05
278.6786786786787,8.089429943697857e-10,2.674293326214675e-07,1.3326676376780877e-14,0.004990801644745878,4.599177627159432e-06,1.5755551353460074e-05
278.978978978979,8.089429943697858e-10,2.674293326214675e-07,1.3326676376780877e-14,0.004990801644745872,4.599177627159432e-06,1.575865356966064e-05
279.2792792792793,8.089429943697858e-10,2.674293326214675e-07,1.3326676376780878e-14,0.0049908016447458665,4.599177627159432e-06,1.576174648387058e-05
279.57957957957956,8.089429943697857e-10,2.6742933262146746e-07,1.3326676376780878e-14,0.004990801644745861,4.599177627159432e-06,1.5764830123981924e-05
279.87987987987987,8.089429943697856e-10,2.674293326214674e-07,1.332667637678088e-14,0.004990801644745856,4.599177627159431e-06,1.576790451780302e-05
280.1801801801802,8.089429943697857e-10,2.674293326214674e-07,1.332667637678088e-14,0.00499080164474585,4.599177627159432e-06,1.577096969305883e-05
280.4804804804805,8.089429943697856e-10,2.674293326214674e-07,1.332667637678088e-14,0.004990801644745845,4.599177627159432e-06,1.5774025677391255e-05
280.7807807807808,8.089429943697858e-10,2.6742933262146746e-07,1.3326676376780882e-14,0.0049908016447458405,4.599177627159432e-06,1.5777072498359263e-05
281.0810810810811,8.089429943697858e-10,2.674293326214675e-07,1.3326676376780882e-14,0.004990801644745835,4.599177627159432e-06,1.578011018343913e-05
281.3813813813814,8.089429943697857e-10,2.6742933262146746e-07,1.3326676376780883e-14,0.004990801644745831,4.599177627159432e-06,1.578313876002486e-05
281.6816816816817,8.089429943697857e-10,2.674293326214675e-07,1.3326676376780883e-14,0.004990801644745827,4.599177627159433e-06,1.5786158255428274e-05
281.98198198198196,8.089429943697856e-10,2.6742933262146746e-07,1.3326676376780883e-14,0.004990801644745821,4.599177627159432e-06,1.5789168696879204e-05
282.28228228228227,8.089429943697856e-10,2.674293326214675e-07,1.3326676376780885e-14,0.004990801644745818,4.599177627159432e-06,1.5792170111525964e-05
282.5825825825826,8.089429943697857e-10,2.6742933262146746e-07,1.3326676376780885e-14,0.004990801644745814,4.599177627159432e-06,1.579516252643544e-05
282.8828828828829,8.089429943697858e-10,2.6742933262146746e-07,1.3326676376780885e-14,0.00499080164474581,4.599177627159432e-06,1.579814596859329e-05
283.1831831831832,8.089429943697857e-10,2.6742933262146746e-07,1.3326676376780886e-14,0.004990801644745807,4.599177627159432e-06,1.5801120464904284e-05
283.4834834834835,8.089429943697858e-10,2.6742933262146746e-07,1.3326676376780886e-14,0.004990801644745802,4.599177627159432e-06,1.5804086042192566e-05
283.7837837837838,8.089429943697857e-10,2.674293326214674e-07,1.3326676376780886e-14,0.004990801644745799,4.599177627159431e-06,1.5807042727201822e-05
284.0840840840841,8.089429943697856e-10,2.674293326214674e-07,1.3326676376780888e-14,0.004990801644745795,4.599177627159431e-06,1.5809990546595476e-05
284.38438438438436,8.089429943697856e-10,2.6742933262146746e-07,1.3326676376780888e-14,0.004990801644745792,4.599177627159431e-06,1.581292952695711e-05
284.68468468468467,8.089429943697856e-10,2.674293326214674e-07,1.3326676376780888e-14,0.004990801644745789,4.599177627159431e-06,1.581585969479057e-05
284.984984984985,8.089429943697856e-10,2.6742933262146746e-07,1.3326676376780888e-14,0.004990801644745786,4.599177627159431e-06,1.581878107652014e-05
285.2852852852853,8.089429943697857e-10,2.6742933262146746e-07,1.332667637678089e-14,0.004990801644745782,4.599177627159431e-06,1.582169369849098e-05
285.5855855855856,8.089429943697858e-10,2.674293326214675e-07,1.332667637678089e-14,0.00499080164474578,4.599177627159431e-06,1.5824597586969237e-05
285.8858858858859,8.089429943697857e-10,2.6742933262146756e-07,1.332667637678089e-14,0.004990801644745776,4.599177627159432e-06,1.582749276814224e-05
286.1861861861862,8.089429943697859e-10,2.6742933262146756e-07,1.332667637678089e-14,0.004990801644745774,4.599177627159432e-06,1.583037926811882e-05
286.4864864864865,8.089429943697858e-10,2.6742933262146756e-07,1.332667637678089e-14,0.004990801644745771,4.599177627159432e-06,1.5833257112929565e-05
286.78678678678676,8.089429943697857e-10,2.6742933262146756e-07,1.332667637678089e-14,0.004990801644745768,4.599177627159432e-06,1.583612632852697e-05
287.08708708708707,8.089429943697856e-10,2.6742933262146746e-07,1.332667637678089e-14,0.004990801644745765,4.599177627159432e-06,1.5838986940785695e-05
287.3873873873874,8.089429943697855e-10,2.6742933262146746e-07,1.332667637678089e-14,0.004990801644745763,4.599177627159432e-06,1.5841838975502856e-05
287.6876876876877,8.089429943697856e-10,2.6742933262146746e-07,1.3326676376780891e-14,0.00499080164474576,4.599177627159432e-06,1.584468245839823e-05
287.987987987988,8.089429943697857e-10,2.674293326214675e-07,1.3326676376780891e-14,0.004990801644745758,4.599177627159432e-06,1.584751741511437e-05
288.2882882882883,8.089429943697857e-10,2.674293326214675e-07,1.3326676376780891e-14,0.0049908016447457555,4.599177627159432e-06,1.5850343871217057e-05
288.5885885885886,8.089429943697858e-10,2.6742933262146746e-07,1.3326676376780891e-14,0.004990801644745754,4.599177627159432e-06,1.585316185219538e-05
288.8888888888889,8.089429943697858e-10,2.6742933262146746e-07,1.3326676376780891e-14,0.004990801644745751,4.599177627159431e-06,1.5855971383461952e-05
289.1891891891892,8.089429943697858e-10,2.674293326214674e-07,1.3326676376780891e-14,0.004990801644745749,4.599177627159431e-06,1.5858772490353226e-05
289.4894894894895,8.089429943697858e-10,2.6742933262146746e-07,1.3326676376780893e-14,0.004990801644745747,4.599177627159431e-06,1.586156519812971e-05
289.7897897897898,8.089429943697857e-10,2.674293326214675e-07,1.3326676376780893e-14,0.004990801644745745,4.599177627159431e-06,1.586434953197612e-05
290.0900900900901,8.089429943697857e-10,2.674293326214675e-07,1.3326676376780893e-14,0.004990801644745743,4.599177627159431e-06,1.5867125517001644e-05
290.3903903903904,8.089429943697857e-10,2.674293326214675e-07,1.3326676376780893e-14,0.004990801644745742,4.599177627159431e-06,1.5869893178240248e-05
290.6906906906907,8.089429943697856e-10,2.6742933262146746e-07,1.3326676376780893e-14,0.00499080164474574,4.599177627159431e-06,1.5872652540650803e-05
290.990990990991,8.089429943697858e-10,2.674293326214675e-07,1.3326676376780893e-14,0.004990801644745738,4.599177627159431e-06,1.5875403629117278e-05
291.2912912912913,8.089429943697857e-10,2.6742933262146746e-07,1.3326676376780894e-14,0.004990801644745736,4.599177627159431e-06,1.5878146468449114e-05
291.5915915915916,8.089429943697857e-10,2.6742933262146746e-07,1.3326676376780894e-14,0.004990801644745735,4.599177627159431e-06,1.588088108338135e-05
291.8918918918919,8.089429943697858e-10,2.6742933262146746e-07,1.3326676376780894e-14,0.004990801644745733,4.599177627159431e-06,1.5883607498574805e-05
292.1921921921922,8.089429943697857e-10,2.6742933262146746e-07,1.3326676376780894e-14,0.004990801644745732,4.599177627159431e-06,1.588632573861638e-05
292.4924924924925,8.089429943697857e-10,2.6742933262146746e-07,1.3326676376780894e-14,0.00499080164474573,4.599177627159431e-06,1.588903582801929e-05
292.7927927927928,8.089429943697855e-10,2.6742933262146746e-07,1.3326676376780894e-14,0.004990801644745729,4.599177627159431e-06,1.589173779122319e-05
293.0930930930931,8.089429943697856e-10,2.6742933262146746e-07,1.3326676376780894e-14,0.004990801644745728,4.599177627159431e-06,1.5894431652594457e-05
293.3933933933934,8.089429943697856e-10,2.6742933262146746e-07,1.3326676376780894e-14,0.004990801644745726,4.599177627159431e-06,1.5897117436426456e-05
293.6936936936937,8.089429943697856e-10,2.674293326214675e-07,1.3326676376780896e-14,0.004990801644745724,4.599177627159432e-06,1.5899795166939687e-05
293.993993993994,8.089429943697857e-10,2.6742933262146746e-07,1.3326676376780896e-14,0.004990801644745723,4.5991776271594304e-06,1.590246486828196e-05
294.2942942942943,8.089429943697857e-10,2.674293326214675e-07,1.3326676376780896e-14,0.0049908016447457225,4.599177627159431e-06,1.5905126564528763e-05
294.5945945945946,8.089429943697856e-10,2.674293326214675e-07,1.3326676376780896e-14,0.004990801644745721,4.599177627159431e-06,1.590778027968339e-05
294.8948948948949,8.089429943697855e-10,2.674293326214675e-07,1.3326676376780896e-14,0.00499080164474572,4.599177627159431e-06,1.5910426037677093e-05
295.1951951951952,8.089429943697854e-10,2.6742933262146756e-07,1.3326676376780896e-14,0.004990801644745719,4.599177627159431e-06,1.591306386236941e-05
295.4954954954955,8.089429943697855e-10,2.6742933262146756e-07,1.3326676376780896e-14,0.004990801644745718,4.599177627159431e-06,1.591569377754836e-05
295.7957957957958,8.089429943697857e-10,2.674293326214675e-07,1.3326676376780896e-14,0.0049908016447457165,4.599177627159431e-06,1.59183158069306e-05
296.0960960960961,8.089429943697857e-10,2.6742933262146756e-07,1.3326676376780896e-14,0.004990801644745716,4.599177627159431e-06,1.5920929974161647e-05
296.3963963963964,8.089429943697857e-10,2.674293326214675e-07,1.3326676376780896e-14,0.004990801644745715,4.599177627159431e-06,1.5923536302816186e-05
296.6966966966967,8.089429943697858e-10,2.6742933262146746e-07,1.3326676376780897e-14,0.004990801644745713,4.599177627159431e-06,1.5926134816398184e-05
296.996996996997,8.089429943697858e-10,2.674293326214675e-07,1.3326676376780897e-14,0.004990801644745712,4.599177627159431e-06,1.5928725538341074e-05
297.2972972972973,8.089429943697858e-10,2.6742933262146746e-07,1.3326676376780897e-14,0.004990801644745711,4.599177627159431e-06,1.5931308492008113e-05
297.5975975975976,8.089429943697858e-10,2.6742933262146746e-07,1.3326676376780897e-14,0.00499080164474571,4.599177627159431e-06,1.593388370069247e-05
297.8978978978979,8.089429943697857e-10,2.6742933262146746e-07,1.3326676376780897e-14,0.0049908016447457095,4.599177627159431e-06,1.5936451187617444e-05
298.1981981981982,8.089429943697857e-10,2.6742933262146746e-07,1.3326676376780897e-14,0.004990801644745709,4.599177627159431e-06,1.593901097593671e-05
298.4984984984985,8.089429943697857e-10,2.6742933262146746e-07,1.3326676376780897e-14,0.004990801644745709,4.599177627159431e-06,1.5941563088734567e-05
298.7987987987988,8.089429943697858e-10,2.6742933262146756e-07,1.3326676376780897e-14,0.004990801644745707,4.599177627159431e-06,1.5944107549026032e-05
299.0990990990991,8.089429943697858e-10,2.6742933262146756e-07,1.3326676376780897e-14,0.004990801644745707,4.599177627159431e-06,1.5946644379757103e-05
299.3993993993994,8.089429943697858e-10,2.674293326214675e-07,1.3326676376780897e-14,0.004990801644745706,4.599177627159431e-06,1.5949173603805047e-05
299.6996996996997,8.089429943697858e-10,2.674293326214675e-07,1.3326676376780897e-14,0.004990801644745705,4.599177627159431e-06,1.59516952439785e-05
300.0,8.089429943697857e-10,2.674293326214675e-07,1.3326676376780897e-14,0.004990801644745704,4.599177627159431e-06,1.59542093230177e-05
