time_s,superoxide_M,h2o2_M,oh_radical_M,gsh_M,gssg_M,dna_damage
0.0,1e-09,1e-07,1.3357299891125477e-14,0.00475,0.00025,0.0
0.3003003003003003,8.089429943697589e-10,2.674666282088325e-07,1.335382778208492e-14,0.004777331202283612,0.0002326364477928292,5.0345209827868796e-08
0.6006006006006006,8.089429943697858e-10,2.6746207652041265e-07,1.3350401497023194e-14,0.004804221552374815,0.0002156027204185753,1.0053946309609959e-07
0.9009009009009009,8.089429943697857e-10,2.674573307511824e-07,1.3347035243713421e-14,0.00483065420315972,0.0001989040050245779,1.505832089699061e-07
1.2012012012012012,8.089429943697856e-10,2.674527277504019e-07,1.3343738851776324e-14,0.004856551209398514,0.0001825761335639458,2.004768987455191e-07
1.5015015015015014,8.089429943697857e-10,2.674482806145152e-07,1.3340523314180004e-14,0.00488182534152177,0.0001666596730682505,2.502209823659659e-07
1.8018018018018018,8.089429943697856e-10,2.6744400197837935e-07,1.3337400920882894e-14,0.004906379021647293,0.0001512004548962729,2.9981590842511295e-07
2.1021021021021022,8.089429943697858e-10,2.6743990587024863e-07,1.3334385378763644e-14,0.004930103367719612,0.00013625004998655586,3.492621241717258e-07
2.4024024024024024,8.089429943697857e-10,2.6743600820840747e-07,1.333149189363439e-14,0.00495287753782044,0.00012186609409750281,3.985600755135288e-07
2.7027027027027026,8.08942994369786e-10,2.674323262639592e-07,1.3328737174759144e-14,0.004974568688376669,0.00010811230623138973,4.477102070211673e-07
3.003003003003003,8.089429943697857e-10,2.6742887884061716e-07,1.3326139313853402e-14,0.00499503292752871,9.505800949172828e-05,4.967129619322457e-07
3.3033033033033035,8.08942994369786e-10,2.6742568578664847e-07,1.3323717458866692e-14,0.0050141178954134814,8.277683857191751e-05,5.455687821553343e-07
3.6036036036036037,8.089429943697856e-10,2.674227673315424e-07,1.3321491195374989e-14,0.005031667663016428,7.134428803666205e-05,5.942781082739493e-07
3.903903903903904,8.089429943697858e-10,2.674201429362701e-07,1.3319479547457632e-14,0.005047530648864541,6.083375175177859e-05,6.428413795505203e-07
4.2042042042042045,8.089429943697861e-10,2.6741782965599987e-07,1.3317699542340157e-14,0.00506157099599489,5.131083223559388e-05,6.912590339303548e-07
4.504504504504505,8.089429943697027e-10,2.674158400441703e-07,1.3316164386263196e-14,0.005073683034369459,4.282610735358283e-05,7.39531508045588e-07
4.804804804804805,8.089429943694354e-10,2.674141798344274e-07,1.3314881463329677e-14,0.005083807151916266,3.5407192763932564e-05,7.876592372191143e-07
5.105105105105105,8.089429944262373e-10,2.674128458573277e-07,1.3313850556417044e-14,0.005091943912397486,2.9051681006888675e-05,8.356426554685143e-07
5.405405405405405,8.089429948733152e-10,2.6741182481412035e-07,1.3313062822853837e-14,0.005098162199262368,2.372306766143181e-05,8.834821955099651e-07
5.7057057057057055,8.089429924568067e-10,2.6741109345549957e-07,1.3312500975577224e-14,0.005102597812882866,1.9351450867201885e-05,9.311782887621397e-07
6.006006006006006,8.089429725841907e-10,2.674106203459208e-07,1.331214079707955e-14,0.005105441509682915,1.5839509954593505e-05,9.787313653500957e-07
6.306306306306307,8.089430127531687e-10,2.6741036880813094e-07,1.3311953665413833e-14,0.005106919020417114,1.3072494553588965e-05,1.0261418541091518e-06
6.606606606606607,8.089429944137005e-10,2.6741030053491154e-07,1.3311909442103481e-14,0.005107268194620971,1.0929650668568272e-05,1.0734101825887547e-06
6.906906906906907,8.089429943693964e-10,2.6741037852321525e-07,1.3311979043174634e-14,0.005106718646140174,9.294396264018185e-06,1.1205367770563336e-06
7.207207207207207,8.089429943697861e-10,2.674105694526807e-07,1.3312136258146203e-14,0.00510547734662128,8.06152291821485e-06,1.1675220625011464e-06
7.5075075075075075,8.089429943697859e-10,2.674108448222801e-07,1.3312358707902752e-14,0.005103721032337093,7.140990856990694e-06,1.2143664626381128e-06
7.807807807807808,8.089429943697857e-10,2.6741118126076966e-07,1.331262807963718e-14,0.005101594332116598,6.4588634811656094e-06,1.261070399911637e-06
8.108108108108109,8.089429943697858e-10,2.6741156022504414e-07,1.3312929878786173e-14,0.0050992117184368085,5.9563303576233976e-06,1.3076342954994182e-06
8.408408408408409,8.08942994369803e-10,2.6741196737878686e-07,1.3313252928906622e-14,0.005096661454418576,5.587732301681206e-06,1.354058569316251e-06
8.70870870870871,8.089429943697836e-10,2.674123918633323e-07,1.3313588789384038e-14,0.005094010192446815,5.318260689274669e-06,1.400343640017811e-06
9.00900900900901,8.089429943697857e-10,2.674128255904653e-07,1.3313931193581518e-14,0.005091307412448909,5.121736980760037e-06,1.4464899250044353e-06
9.30930930930931,8.089429943697858e-10,2.674132626214035e-07,1.3314275557416259e-14,0.005088589304194285,4.978670273752524e-06,1.492497840424883e-06
9.60960960960961,8.089429943697859e-10,2.6741369865319746e-07,1.3314618574269633e-14,0.005085881967614276,4.874655884153727e-06,1.5383678011800914e-06
9.90990990990991,8.089429943697858e-10,2.674141306104683e-07,1.3314957893882951e-14,0.005083203949566036,4.799105742412743e-06,1.584100220926916e-06
10.21021021021021,8.089429943697856e-10,2.6741455632941243e-07,1.3315291874442152e-14,0.005080568202312926,4.744267967700021e-06,1.629695512081862e-06
10.51051051051051,8.089429943697857e-10,2.674149743177479e-07,1.3315619394670863e-14,0.005077983567867174,4.704483546018528e-06,1.6751540858248058e-06
10.81081081081081,8.089429943697856e-10,2.674153835747227e-07,1.3315939713240173e-14,0.005075455888486162,4.675629965531227e-06,1.7204763521026996e-06
11.11111111111111,8.089429943697856e-10,2.6741578345744173e-07,1.3316252364568584e-14,0.005072988829667486,4.654708635542708e-06,1.7656627196332703e-06
11.411411411411411,8.089429943697859e-10,2.674161735822528e-07,1.3316557082108267e-14,0.005070584486001084,4.639540909007773e-06,1.8107135959087047e-06
11.711711711711711,8.089429943697847e-10,2.674165537523382e-07,1.3316853742129972e-14,0.005068243825092109,4.628545100735324e-06,1.8556293871993262e-06
12.012012012012011,8.089429943698459e-10,2.674169239048009e-07,1.3317142322728798e-14,0.005065967011255282,4.620573650093263e-06,1.9004104985572562e-06
12.312312312312313,8.089429943696838e-10,2.6741728407202945e-07,1.3317422873957474e-14,0.00506375364132036,4.614794257389158e-06,1.945057333820067e-06
12.612612612612613,8.08942994367971e-10,2.674176343536272e-07,1.3317695496181076e-14,0.005061602915507193,4.610603513947652e-06,1.989570295614427e-06
12.912912912912914,8.089429943782964e-10,2.674179748960002e-07,1.3317960324372888e-14,0.005059513761382752,4.60756401871159e-06,2.033949785359727e-06
13.213213213213214,8.089429944115083e-10,2.674183058775604e-07,1.3318217516777148e-14,0.005057484923335541,4.605358762980817e-06,2.0781962032717033e-06
13.513513513513514,8.089429952704477e-10,2.674186274976697e-07,1.331846724673927e-14,0.005055515027040388,4.603758045959583e-06,2.122309948366046e-06
13.813813813813814,8.089430024328555e-10,2.6741893996697976e-07,1.3318709696808886e-14,0.005053602625979256,4.6025953873263365e-06,2.1662914184619962e-06
14.114114114114114,8.089431894524552e-10,2.6741924342210135e-07,1.3318945054545088e-14,0.00505174623452436,4.6017501833897766e-06,2.210141010185938e-06
14.414414414414415,8.089430421076586e-10,2.674195383394141e-07,1.3319173509505281e-14,0.00504994435167887,4.601135058040841e-06,2.2538591189749665e-06
14.714714714714715,8.089429951278649e-10,2.6741982473345096e-07,1.3319395251107894e-14,0.005048195477920016,4.600686685349701e-06,2.2974461390804643e-06
15.015015015015015,8.08942994432617e-10,2.674201028560642e-07,1.3319610467145057e-14,0.005046498126913848,4.600359199109634e-06,2.3409024635716507e-06
15.315315315315315,8.089429956017615e-10,2.674203729524478e-07,1.3319819342740078e-14,0.005044850833719877,4.600119379017909e-06,2.3842284843391257e-06
15.615615615615615,8.089429986836668e-10,2.6742063524275554e-07,1.3320022059628342e-14,0.005043252160444381,4.599943132957969e-06,2.427424592098407e-06
15.915915915915916,8.08942985522946e-10,2.674208899522541e-07,1.3320218795694196e-14,0.005041700699874863,4.59981301008295e-06,2.4704911763934532e-06
16.216216216216218,8.089429024833454e-10,2.6742113731885697e-07,1.3320409724670051e-14,0.005040195077835354,4.5997163727176595e-06,2.5134286256001753e-06
16.516516516516518,8.089430535994358e-10,2.67421377399577e-07,1.3320595015958578e-14,0.0050387339545713275,4.599644073462197e-06,2.5562373269299395e-06
16.816816816816818,8.089429478574654e-10,2.674216106383778e-07,1.3320774834535297e-14,0.0050373160255017275,4.599589465441277e-06,2.5989176664330606e-06
17.117117117117118,8.089430054511834e-10,2.6742183702672155e-07,1.3320949340927036e-14,0.005035940021372599,4.599547731789058e-06,2.6414700290022803e-06
17.41741741741742,8.089429943499974e-10,2.674220568693589e-07,1.3321118691230704e-14,0.005034604708094484,4.59951539087828e-06,2.683894798376243e-06
17.71771771771772,8.089429943592196e-10,2.674222703151584e-07,1.3321283037158157e-14,0.0050333088863740855,4.599489920873824e-06,2.7261923571429486e-06
18.01801801801802,8.089429946027166e-10,2.6742247755147433e-07,1.3321442526104047e-14,0.005032051391165887,4.599469490520405e-06,2.768363086743212e-06
18.31831831831832,8.089429934956638e-10,2.674226787563461e-07,1.332159730122954e-14,0.005030831090999322,4.599452767459315e-06,2.810407367474096e-06
18.61861861861862,8.089429970002804e-10,2.6742287409901047e-07,1.332174750155545e-14,0.005029646887232197,4.599438780606889e-06,2.852325578492345e-06
18.91891891891892,8.089429854071296e-10,2.6742306375786636e-07,1.3321893262063208e-14,0.005028497713243405,4.599426828367632e-06,2.8941180978178013e-06
19.21921921921922,8.089430244286397e-10,2.67423247862036e-07,1.3322034713796781e-14,0.005027382533618343,4.5994164043775905e-06,2.9357853023368156e-06
19.51951951951952,8.089428836412051e-10,2.674234266886587e-07,1.332217198396581e-14,0.005026300343326015,4.599407142039829e-06,2.9773275678056457e-06
19.81981981981982,8.089429600345311e-10,2.6742360018936923e-07,1.3322305196049006e-14,0.005025250166893724,4.5993987742479735e-06,3.0187452688538413e-06
20.12012012012012,8.089430783345287e-10,2.6742376860288714e-07,1.332243446989782e-14,0.00502423105758137,4.5993911029087305e-06,3.0600387789876296e-06
20.42042042042042,8.089429565745618e-10,2.6742393221799983e-07,1.3322559921839367e-14,0.00502324209656114,4.599383977363193e-06,3.101208470593283e-06
20.72072072072072,8.089429977628034e-10,2.67424090974624e-07,1.3322681664777258e-14,0.005022282392114622,4.599377293011561e-06,3.1422547149404707e-06
21.02102102102102,8.089430078000758e-10,2.6742424510643947e-07,1.3322799808288968e-14,0.005021351078857903,4.599370972968652e-06,3.1831778821856102e-06
21.32132132132132,8.089429918147875e-10,2.6742439474436504e-07,1.3322914458723708e-14,0.005020447316962694,4.599364960452886e-06,3.223978341375208e-06
21.62162162162162,8.089429943409807e-10,2.674245399981513e-07,1.3323025719294264e-14,0.005019570291425804,4.599359214367534e-06,3.2646564604491836e-06
21.92192192192192,8.089429943675934e-10,2.674246810037583e-07,1.3323133690168538e-14,0.005018719211341162,4.599353702460412e-06,3.305212606244186e-06
22.22222222222222,8.089429942494901e-10,2.674248178834037e-07,1.3323238468553666e-14,0.0050178933092308925,4.599348404331991e-06,3.345647144496884e-06
22.52252252252252,8.089429943464239e-10,2.6742495075539203e-07,1.3323340148800662e-14,0.005017091840214743,4.599343293432729e-06,3.385960439847341e-06
22.822822822822822,8.089429943902437e-10,2.674250797367438e-07,1.3323438822459739e-14,0.0050163140815688515,4.599338359955218e-06,3.4261528558421723e-06
23.123123123123122,8.089429943786897e-10,2.674252049401132e-07,1.3323534578399253e-14,0.005015559331783159,4.599333585248705e-06,3.4662247549379918e-06
23.423423423423422,8.089429943649707e-10,2.6742532647502115e-07,1.3323627502845859e-14,0.0050148269102402955,4.599328961670489e-06,3.5061764985045073e-06
23.723723723723722,8.089429943664354e-10,2.6742544444803484e-07,1.3323717679495443e-14,0.005014116156336715,4.5993244808659455e-06,3.546008446827924e-06
24.024024024024023,8.089429943703169e-10,2.6742555896255515e-07,1.332380518956272e-14,0.005013426429087708,4.5993201362698625e-06,3.585720959114085e-06
24.324324324324326,8.089429943703048e-10,2.674256701189786e-07,1.3323890111867665e-14,0.005012757106442241,4.599315923938736e-06,3.6253143934917745e-06
24.624624624624627,8.089429943698001e-10,2.674257780149491e-07,1.3323972522902585e-14,0.00501210758475056,4.599311839319913e-06,3.6647891070159242e-06
24.924924924924927,8.089429943698022e-10,2.6742588274533976e-07,1.3324052496896343e-14,0.005011477278254663,4.599307877993979e-06,3.7041454556708235e-06
25.225225225225227,8.08942994369782e-10,2.674259844022586e-07,1.3324130105891595e-14,0.005010865618476177,4.5993040359967685e-06,3.743383794373367e-06
25.525525525525527,8.089429943697802e-10,2.674260830751955e-07,1.332420541979492e-14,0.005010272053818322,4.5993003088458785e-06,3.782504476976198e-06
25.825825825825827,8.089429943697754e-10,2.674261788510521e-07,1.3324278506440316e-14,0.005009696049062433,4.599296693388108e-06,3.8215078562708924e-06
26.126126126126128,8.089429943697569e-10,2.674262718142161e-07,1.3324349431649722e-14,0.00500913708488832,4.599293187158131e-06,3.860394283991137e-06
26.426426426426428,8.089429943697554e-10,2.6742636204675547e-07,1.3324418259354177e-14,0.005008594656916916,4.599289783498207e-06,3.899164110816222e-06
26.726726726726728,8.089429943697859e-10,2.6742644962834793e-07,1.3324485051583407e-14,0.00500806827578979,4.599286477295907e-06,3.937817686373844e-06
27.027027027027028,8.089429943697864e-10,2.674265346362074e-07,1.332454986841474e-14,0.005007557467569533,4.5992832708589226e-06,3.976355359242751e-06
27.32732732732733,8.089429943697866e-10,2.6742661714556263e-07,1.3324612768328886e-14,0.005007061770933759,4.599280157431188e-06,4.014777476957385e-06
27.62762762762763,8.08942994369786e-10,2.674266972294371e-07,1.3324673808061939e-14,0.005006580738339423,4.599277132978492e-06,4.053084386010011e-06
27.92792792792793,8.089429943697855e-10,2.674267749585784e-07,1.3324733042486972e-14,0.005006113936954041,4.5992741970803975e-06,4.091276431852968e-06
28.22822822822823,8.089429943697852e-10,2.6742685040185685e-07,1.3324790525030256e-14,0.005005660945373825,4.599271347022861e-06,4.1293539589036815e-06
28.52852852852853,8.089429943697853e-10,2.674269236261716e-07,1.3324846307554116e-14,0.005005221354545114,4.599268580725578e-06,4.167317310546936e-06
28.82882882882883,8.089429943697858e-10,2.6742699469639063e-07,1.3324900440294509e-14,0.005004794768254844,4.599265895805954e-06,4.205166829137336e-06
29.12912912912913,8.089429943697858e-10,2.674270636754693e-07,1.332495297196815e-14,0.005004380802284615,4.599263289660083e-06,4.242902856002758e-06
29.42942942942943,8.089429943697859e-10,2.674271306246899e-07,1.3325003949990913e-14,0.005003979082688432,4.599260761017025e-06,4.280525731448422e-06
29.72972972972973,8.089429943697858e-10,2.6742719560350324e-07,1.332505342032504e-14,0.005003589246995295,4.599258308032614e-06,4.318035794758831e-06
30.03003003003003,8.089429943697858e-10,2.674272586694963e-07,1.3325101427447058e-14,0.005003210944460834,4.59925592749864e-06,4.355433384200321e-06
30.33033033033033,8.089429943697858e-10,2.674273198787725e-07,1.3325148014689203e-14,0.005002843833375561,4.599253617568532e-06,4.392718837026073e-06
30.63063063063063,8.089429943697856e-10,2.674273792857714e-07,1.332519322407142e-14,0.00500248758238772,4.599251375692583e-06,4.429892489477808e-06
30.93093093093093,8.089429943697856e-10,2.6742743694323384e-07,1.332523709625335e-14,0.005002141870880536,4.599249200404482e-06,4.466954676788166e-06
31.23123123123123,8.089429943697855e-10,2.674274929024841e-07,1.3325279670805925e-14,0.005001806386831054,4.599247089208874e-06,4.503905733185429e-06
31.53153153153153,8.089429943697856e-10,2.6742754721336495e-07,1.3325320986137844e-14,0.005001480827388658,4.599245039621597e-06,4.540745991895749e-06
31.83183183183183,8.089429943697858e-10,2.6742759992420324e-07,1.3325361079462723e-14,0.005001164899132919,4.599243049923983e-06,4.577475785145639e-06
32.132132132132135,8.089429943697858e-10,2.6742765108190116e-07,1.3325399986877509e-14,0.005000858317454991,4.599241118785266e-06,4.614095444165308e-06
32.432432432432435,8.089429943697858e-10,2.674277007321006e-07,1.3325437743504462e-14,0.005000560805438028,4.599239244221803e-06,4.650605299192492e-06
32.732732732732735,8.089429943697858e-10,2.674277489190758e-07,1.3325474383393505e-14,0.005000272094625918,4.599237424679489e-06,4.6870056794744335e-06
33.033033033033036,8.089429943697857e-10,2.674277956856974e-07,1.332550993948784e-14,0.0049999919252934595,4.59923565843495e-06,4.72329691327032e-06
33.333333333333336,8.089429943697857e-10,2.6742784107374386e-07,1.3325544443895125e-14,0.004999720044309027,4.599233944292144e-06,4.759479327856198e-06
33.633633633633636,8.089429943697857e-10,2.674278851237477e-07,1.332557792774942e-14,0.004999456206221754,4.5992322810983605e-06,4.79555324952658e-06
33.933933933933936,8.089429943697857e-10,2.6742792787494025e-07,1.3325610421160487e-14,0.0049992001736604355,4.5992306668707685e-06,4.831519003596657e-06
34.234234234234236,8.089429943697857e-10,2.674279693655219e-07,1.332564195344722e-14,0.004998951715493633,4.599229100383669e-06,4.867376914407077e-06
34.53453453453454,8.089429943697857e-10,2.674280096325791e-07,1.3325672553062768e-14,0.004998710607419229,4.599227580318005e-06,4.90312730532597e-06
34.83483483483484,8.089429943697858e-10,2.6742804871206054e-07,1.3325702247572191e-14,0.00499847663213997,4.599226105285437e-06,4.938770498751378e-06
35.13513513513514,8.089429943697857e-10,2.6742808663885157e-07,1.3325731063714495e-14,0.004998249578874252,4.5992246738737306e-06,4.974306816114529e-06
35.43543543543544,8.089429943697858e-10,2.6742812344689493e-07,1.3325759027504001e-14,0.004998029242556903,4.599223284632552e-06,5.0097365778835296e-06
35.73573573573574,8.089429943697859e-10,2.6742815916911076e-07,1.3325786164160124e-14,0.004997815424392155,4.599221936176234e-06,5.045060103565283e-06
36.03603603603604,8.089429943697858e-10,2.6742819383737827e-07,1.3325812498090063e-14,0.004997607931989561,4.59922062760493e-06,5.080277711707911e-06
36.33633633633634,8.089429943697859e-10,2.6742822748275354e-07,1.3325838053072825e-14,0.00499740657791378,4.599219357500269e-06,5.115389719905433e-06
36.63663663663664,8.089429943697858e-10,2.67428260135366e-07,1.3325862852168688e-14,0.0049972111803975585,4.599218124665561e-06,5.150396444799389e-06
36.93693693693694,8.089429943697857e-10,2.674282918243737e-07,1.3325886917681482e-14,0.0049970215636385654,4.599216928108429e-06,5.1852982020809655e-06
37.23723723723724,8.089429943697857e-10,2.6742832257816913e-07,1.3325910271329468e-14,0.004996837556452755,4.599215766786878e-06,5.22009530649566e-06
37.53753753753754,8.089429943697857e-10,2.6742835242431275e-07,1.3325932934188432e-14,0.004996658992722448,4.599214639757899e-06,5.2547880718452005e-06
37.83783783783784,8.089429943697857e-10,2.674283813895141e-07,1.3325954926675186e-14,0.004996485711526114,4.599213545996199e-06,5.289376810989921e-06
38.13813813813814,8.089429943697857e-10,2.6742840949969227e-07,1.3325976268596345e-14,0.004996317556753724,4.599212484474912e-06,5.3238618358519675e-06
38.43843843843844,8.089429943697857e-10,2.67428436780066e-07,1.3325996979222319e-14,0.004996154376523568,4.599211454371939e-06,5.358243457418846e-06
38.73873873873874,8.089429943697857e-10,2.6742846325509016e-07,1.3326017077233497e-14,0.004995996023606034,4.599210454800223e-06,5.39252198574529e-06
39.03903903903904,8.089429943697857e-10,2.6742848894844055e-07,1.3326036580707175e-14,0.004995842355526467,4.59920948475636e-06,5.42669772995562e-06
39.33933933933934,8.089429943697857e-10,2.67428513883185e-07,1.3326055507257522e-14,0.004995693233462125,4.599208543392815e-06,5.460770998248281e-06
39.63963963963964,8.089429943697857e-10,2.674285380816993e-07,1.3326073873965298e-14,0.0049955485227956755,4.599207629807039e-06,5.494742097897418e-06
39.93993993993994,8.089429943697857e-10,2.674285615656333e-07,1.332609169734981e-14,0.004995408093336127,4.59920674325211e-06,5.5286113352549154e-06
40.24024024024024,8.089429943697858e-10,2.6742858435607053e-07,1.3326108993498423e-14,0.004995271818298176,4.599205882864962e-06,5.562379015754983e-06
40.54054054054054,8.089429943697857e-10,2.6742860647347287e-07,1.3326125778020799e-14,0.0049951395746625875,4.599205047815355e-06,5.596045443915956e-06
40.84084084084084,8.089429943697856e-10,2.674286279376687e-07,1.3326142066038811e-14,0.004995011243255565,4.599204237371729e-06,5.6296109233426166e-06
41.14114114114114,8.089429943697856e-10,2.6742864876790003e-07,1.3326157872223875e-14,0.0049948867084544536,4.5992034508494415e-06,5.663075756729347e-06
41.44144144144144,8.089429943697856e-10,2.6742866898288633e-07,1.3326173210848382e-14,0.004994765857782392,4.599202687523911e-06,5.696440245863511e-06
41.74174174174174,8.089429943697856e-10,2.674286886007788e-07,1.332618809574788e-14,0.004994648582206098,4.599201946725162e-06,5.7297046916273e-06
42.04204204204204,8.089429943697856e-10,2.674287076391495e-07,1.332620254031251e-14,0.004994534776203384,4.5992012277725e-06,5.762869394000025e-06
42.34234234234234,8.089429943697855e-10,2.674287261151188e-07,1.3326216557588444e-14,0.004994424336963656,4.5992005300643575e-06,5.7959346520625125e-06
42.64264264264264,8.089429943697856e-10,2.6742874404529265e-07,1.3326230160227183e-14,0.004994317164787395,4.599199853012967e-06,5.82890076399863e-06
42.94294294294294,8.089429943697857e-10,2.674287614457347e-07,1.332624336046297e-14,0.004994213163264002,4.599199195955425e-06,5.861768027097254e-06
43.24324324324324,8.089429943697856e-10,2.674287783320908e-07,1.3326256170212357e-14,0.004994112238487226,4.599198558326537e-06,5.894536737756766e-06
43.54354354354354,8.089429943697856e-10,2.674287947195436e-07,1.3326268601036847e-14,0.004994014299349394,4.5991979395561646e-06,5.927207191486747e-06
43.84384384384384,8.089429943697855e-10,2.674288106228037e-07,1.3326280664136092e-14,0.004993919257595,4.599197339086542e-06,5.959779682910243e-06
44.14414414414414,8.089429943697855e-10,2.6742882605614694e-07,1.3326292370377032e-14,0.004993827027591001,4.599196756370551e-06,5.992254505766854e-06
44.44444444444444,8.089429943697855e-10,2.67428841033461e-07,1.3326303730330626e-14,0.004993737526037318,4.599196190863328e-06,6.024631952915988e-06
44.74474474474474,8.089429943697856e-10,2.674288555682101e-07,1.3326314754243937e-14,0.004993650672186748,4.599195642042958e-06,6.056912316338643e-06
45.04504504504504,8.089429943697856e-10,2.6742886967342934e-07,1.3326325452034741e-14,0.004993566387887405,4.599195109448998e-06,6.089095887139672e-06
45.34534534534534,8.089429943697857e-10,2.6742888336181757e-07,1.3326335833365568e-14,0.004993484596999279,4.599194592577729e-06,6.121182955552008e-06
45.645645645645644,8.089429943697857e-10,2.6742889664569176e-07,1.332634590760668e-14,0.004993405225685841,4.599194090960201e-06,6.153173810938163e-06
45.945945945945944,8.089429943697857e-10,2.6742890953696486e-07,1.3326355683818983e-14,0.004993328202548654,4.5991936041556745e-06,6.185068741792124e-06
46.246246246246244,8.089429943697858e-10,2.6742892204724153e-07,1.3326365170829014e-14,0.004993253458036555,4.59919313173052e-06,6.2168680357437575e-06
46.546546546546544,8.089429943697857e-10,2.674289341877812e-07,1.3326374377199518e-14,0.004993180924677359,4.599192673271317e-06,6.248571979560399e-06
46.846846846846844,8.089429943697856e-10,2.674289459694929e-07,1.3326383311225097e-14,0.004993110537112133,4.599192228362887e-06,6.280180859149072e-06
47.147147147147145,8.089429943697856e-10,2.6742895740296415e-07,1.3326391980954722e-14,0.0049930422319178136,4.599191796600771e-06,6.31169495955951e-06
47.447447447447445,8.089429943697856e-10,2.674289684984934e-07,1.3326400394217611e-14,0.00499297594740321,4.599191377609041e-06,6.343114564987281e-06
47.747747747747745,8.089429943697857e-10,2.674289792660646e-07,1.3326408558602959e-14,0.004992911623768754,4.5991909710134106e-06,6.3744399587755245e-06
48.048048048048045,8.089429943697857e-10,2.674289897153409e-07,1.3326416481456415e-14,0.004992849203134188,4.599190576439043e-06,6.40567142341717e-06
48.34834834834835,8.089429943697857e-10,2.674289998557386e-07,1.3326424169934457e-14,0.004992788629110108,4.599190193531187e-06,6.4368092405590125e-06
48.64864864864865,8.089429943697856e-10,2.6742900969638937e-07,1.3326431630977126e-14,0.004992729847012783,4.599189821938115e-06,6.467853691003177e-06
48.94894894894895,8.089429943697855e-10,2.674290192461261e-07,1.3326438871294782e-14,0.00499267280396848,4.599189461335725e-06,6.498805054708945e-06
49.24924924924925,8.089429943697856e-10,2.67429028513553e-07,1.3326445897425195e-14,0.004992617448463583,4.599189111390861e-06,6.5296636107970684e-06
49.54954954954955,8.089429943697856e-10,2.6742903750701694e-07,1.3326452715710081e-14,0.00499256373052951,4.599188771782928e-06,6.560429637551268e-06
49.84984984984985,8.089429943697857e-10,2.6742904623460466e-07,1.332645933229242e-14,0.0049925116017637714,4.599188442208828e-06,6.591103412420395e-06
50.150150150150154,8.089429943697858e-10,2.6742905470416423e-07,1.3326465753133837e-14,0.004992461015193031,4.599188122376091e-06,6.621685212021397e-06
50.450450450450454,8.089429943697856e-10,2.674290629233298e-07,1.3326471984032794e-14,0.004992411925129721,4.599187811995578e-06,6.652175312142308e-06
50.750750750750754,8.089429943697857e-10,2.674290708995017e-07,1.3326478030609887e-14,0.004992364287287918,4.599187510789637e-06,6.682573987743947e-06
51.051051051051054,8.089429943697857e-10,2.6742907863984413e-07,1.3326483898305702e-14,0.0049923180588001504,4.599187218485283e-06,6.712881512962093e-06
51.351351351351354,8.089429943697856e-10,2.674290861513365e-07,1.332648959242048e-14,0.004992273197904972,4.599186934824093e-06,6.743098161111407e-06
51.651651651651655,8.089429943697857e-10,2.674290934407476e-07,1.3326495118094221e-14,0.004992229664103589,4.599186659554459e-06,6.773224204686881e-06
51.951951951951955,8.089429943697857e-10,2.6742910051462315e-07,1.3326500480296483e-14,0.004992187418240298,4.599186392422971e-06,6.803259915365573e-06
52.252252252252255,8.089429943697857e-10,2.674291073793409e-07,1.3326505683869686e-14,0.00499214642216122,4.5991861331917025e-06,6.833205564010854e-06
52.552552552552555,8.089429943697858e-10,2.6742911404108737e-07,1.3326510733510562e-14,0.00499210663886053,4.5991858816267975e-06,6.863061420673806e-06
52.852852852852855,8.089429943697858e-10,2.674291205058554e-07,1.3326515633768536e-14,0.0049920680324931355,4.599185637501874e-06,6.892827754595332e-06
53.153153153153156,8.089429943697858e-10,2.6742912677946207e-07,1.3326520389059148e-14,0.004992030568268932,4.5991854005965606e-06,6.922504834209063e-06
53.453453453453456,8.089429943697858e-10,2.674291328675647e-07,1.3326525003676823e-14,0.00499199421235217,4.599185170694837e-06,6.952092927144221e-06
53.753753753753756,8.089429943697859e-10,2.674291387756475e-07,1.3326529481784167e-14,0.004991958931945816,4.599184947588374e-06,6.9815923002272935e-06
54.054054054054056,8.089429943697857e-10,2.674291445090201e-07,1.3326533827410704e-14,0.004991924695301432,4.599184731079946e-06,7.011003219484133e-06
54.354354354354356,8.089429943697857e-10,2.674291500728547e-07,1.3326538044481882e-14,0.004991891471490738,4.5991845209719116e-06,7.040325950143773e-06
54.65465465465466,8.089429943697857e-10,2.674291554721672e-07,1.33265421368045e-14,0.004991859230520301,4.599184317074694e-06,7.069560756639816e-06
54.95495495495496,8.089429943697857e-10,2.6742916071180777e-07,1.3326546108058872e-14,0.004991827943393331,4.599184119205796e-06,7.0987079026121215e-06
55.25525525525526,8.089429943697857e-10,2.6742916579650314e-07,1.3326549961831665e-14,0.004991797581850951,4.59918392718742e-06,7.1277676509109635e-06
55.55555555555556,8.089429943697858e-10,2.6742917073083735e-07,1.3326553701601276e-14,0.004991768118487404,4.599183740847801e-06,7.156740263598331e-06
55.85585585585586,8.089429943697858e-10,2.674291755192509e-07,1.3326557330736933e-14,0.004991739526757125,4.599183560018746e-06,7.185626001949998e-06
56.15615615615616,8.089429943697858e-10,2.674291801660543e-07,1.3326560852509023e-14,0.004991711780893287,4.599183384537053e-06,7.214425126458376e-06
56.45645645645646,8.089429943697858e-10,2.674291846754396e-07,1.3326564270098027e-14,0.00499168485583757,4.599183214245666e-06,7.243137896835247e-06
56.75675675675676,8.089429943697858e-10,2.6742918905147025e-07,1.3326567586586736e-14,0.004991658727301352,4.5991830489913185e-06,7.2717645720133994e-06
57.05705705705706,8.089429943697857e-10,2.674291932980805e-07,1.3326570804959561e-14,0.004991633371771098,4.599182888624583e-06,7.300305410148688e-06
57.35735735735736,8.089429943697857e-10,2.6742919741910254e-07,1.3326573928123732e-14,0.004991608766341518,4.599182733000652e-06,7.328760668623714e-06
57.65765765765766,8.089429943697857e-10,2.674292014182531e-07,1.3326576958898634e-14,0.004991584888799428,4.599182581978372e-06,7.35713060404918e-06
57.95795795795796,8.089429943697857e-10,2.6742920529912554e-07,1.3326579900009776e-14,0.004991561717671291,4.599182435423253e-06,7.385415472265516e-06
58.25825825825826,8.089429943697857e-10,2.674292090652219e-07,1.3326582754113701e-14,0.004991539232026953,4.599182293202037e-06,7.413615528346951e-06
58.55855855855856,8.089429943697857e-10,2.6742921271993873e-07,1.33265855237865e-14,0.004991517411570248,4.599182155185988e-06,7.441731026602731e-06
58.85885885885886,8.089429943697856e-10,2.674292162665658e-07,1.332658821152334e-14,0.004991496236642525,4.599182021251146e-06,7.469762220579144e-06
59.15915915915916,8.089429943697857e-10,2.674292197082967e-07,1.332659081974644e-14,0.004991475688159921,4.599181891277269e-06,7.497709363062304e-06
59.45945945945946,8.089429943697857e-10,2.6742922304823736e-07,1.3326593350811263e-14,0.004991455747564561,4.599181765147081e-06,7.5255727060807784e-06
59.75975975975976,8.089429943697857e-10,2.6742922628940056e-07,1.3326595807002785e-14,0.004991436396853947,4.5991816427472136e-06,7.553352500907363e-06
60.06006006006006,2.439023235628051e-14,1.924244257308683e-08,1.3928930162214103e-21,0.004991956921559854,4.329530041478688e-06,7.570967861925776e-06
60.36036036036036,2.4390186498147602e-14,5.592567342627616e-12,4.048165903736378e-25,0.004994490874842769,3.053441920133389e-06,7.5482663265514585e-06
60.66066066066066,2.4390243902434337e-14,5.560056869070937e-12,4.024563917302715e-25,0.004996300402304482,2.1398362598420877e-06,7.525632861298041e-06
60.96096096096096,2.4390243902436136e-14,5.560121831449901e-12,4.0245620435099265e-25,0.004997576039766715,1.4934371754685626e-06,7.503067262456226e-06
61.26126126126126,2.4390243902436136e-14,5.560114884777699e-12,4.0245228341932664e-25,0.004998467806633984,1.0392272263900297e-06,7.48056932652868e-06
61.56156156156156,2.4390243902433318e-14,5.560110520124524e-12,4.024495949030522e-25,0.004999086812662359,7.216440251316888e-07,7.458138850628258e-06
61.86186186186186,2.4390243902466927e-14,5.5601078060308646e-12,4.024477623617521e-25,0.004999513670673046,5.003738738087654e-07,7.4357756324761695e-06
62.16216216216216,2.4390243902436145e-14,5.560106694742872e-12,4.0244656141488775e-25,0.004999806015195869,3.465924358100174e-07,7.413479470400157e-06
62.46246246246246,2.4390243902436127e-14,5.5601054610659625e-12,4.024457108745293e-25,0.005000004627396156,2.3990226598130443e-07,7.391250163332676e-06
62.76276276276276,2.439024390243612e-14,5.560105092032091e-12,4.024451723820792e-25,0.005000138153789359,1.6597344712109102e-07,7.369087510809085e-06
63.06306306306306,2.439024390243612e-14,5.560104792456676e-12,4.02444811646767e-25,0.005000226614327137,1.1478954093663728e-07,7.346991312965834e-06
63.36336336336336,2.4390243902436123e-14,5.5601045749309235e-12,4.0244457614622675e-25,0.005000283949959769,7.93738010097408e-08,7.324961370538664e-06
63.66366366366366,2.439024390243628e-14,5.560104448074069e-12,4.0244442939062456e-25,0.005000319843779519,5.4878595454879064e-08,7.302997484860809e-06
63.96396396396396,2.4390243902429582e-14,5.5601043701158695e-12,4.024443426256496e-25,0.005000341009110725,3.7941356386315584e-08,7.281099457861206e-06
64.26426426426427,2.4390243902423454e-14,5.560104329469124e-12,4.0244429719798766e-25,0.005000352093886322,2.623238633732195e-08,7.259267092062706e-06
64.56456456456456,2.4390243902435925e-14,5.560104313539681e-12,4.0244427987570105e-25,0.005000356312563318,1.8138895343531487e-08,7.2375001905802944e-06
64.86486486486487,2.4390243902445546e-14,5.560104313496915e-12,4.0244428150732964e-25,0.005000355886053097,1.2545030782759176e-08,7.215798557119321e-06
65.16516516516516,2.4390243902503587e-14,5.560104325398641e-12,4.024442959318098e-25,0.005000352347370971,8.679047729506427e-09,7.194161995973718e-06
65.46546546546547,2.439024388214806e-14,5.5601043453892074e-12,4.0244431881864853e-25,0.005000346753559062,6.007342790910901e-09,7.172590312024246e-06
65.76576576576576,2.4390243926675443e-14,5.5601043688217155e-12,4.0244434704164254e-25,0.005000339832509934,4.161037705164683e-09,7.151083310736733e-06
66.06606606606607,2.4390243902556642e-14,5.5601043950131626e-12,4.024443786335173e-25,0.005000332084600537,2.885157925349201e-09,7.1296407981603114e-06
66.36636636636636,2.4390243901785117e-14,5.56010442351871e-12,4.024444122468475e-25,0.005000323852982522,2.003483141818041e-09,7.1082625809256795e-06
66.66666666666667,2.4390243908988932e-14,5.56010445321236e-12,4.0244444690107324e-25,0.0050003153722264545,1.3942209881561053e-09,7.086948466243352e-06
66.96696696696696,2.4390243907624275e-14,5.56010448382795e-12,4.024444819652995e-25,0.0050003068019105704,9.73208599397648e-10,7.0656982619019185e-06
67.26726726726727,2.439024116996441e-14,5.560104503754616e-12,4.0244451618578957e-25,0.005000298249876295,6.822809071172969e-10,7.0445117762663194e-06
67.56756756756756,2.439020169330667e-14,5.560104494125811e-12,4.024445479204311e-25,0.005000289788273918,4.812439740061452e-10,7.023388818276111e-06
67.86786786786787,2.4390227589474848e-14,5.5601045974400226e-12,4.024445873011187e-25,0.005000281464654458,3.4232534580017796e-10,7.0023291974437426e-06
68.16816816816817,2.4390243170434397e-14,5.5601045949572206e-12,4.0244461837786603e-25,0.005000273309652839,2.4632886109347544e-10,6.981332723852844e-06
68.46846846846847,2.4390243917995616e-14,5.5601046298137626e-12,4.024446514381947e-25,0.005000265342262013,1.7999409071018068e-10,6.960399208156506e-06
68.76876876876877,2.4390243813162003e-14,5.560104652832415e-12,4.0244468288037214e-25,0.005000257573504333,1.3415725831884945e-10,6.939528461575576e-06
69.06906906906907,2.439024301157072e-14,5.560104705902086e-12,4.024447157149504e-25,0.005000250008963043,1.0248219479018018e-10,6.918720295896954e-06
69.36936936936937,2.4390237520544632e-14,5.560104778458589e-12,4.0244474917011176e-25,0.005000242650509763,8.059340067595383e-11,6.897974523471899e-06
69.66966966966967,2.4390249218003967e-14,5.560104706173851e-12,4.024447713540862e-25,0.0050002354975116105,6.546939082468448e-11,6.877290957214333e-06
69.96996996996997,2.4390244095712242e-14,5.560104756312283e-12,4.024448016204724e-25,0.005000228547675052,5.501772114637193e-11,6.856669410599159e-06
70.27027027027027,2.439024375711325e-14,5.56010477927795e-12,4.024448291544259e-25,0.005000221797601127,4.779450883208442e-11,6.83610969766057e-06
70.57057057057057,2.439024390096382e-14,5.560104798294923e-12,4.024448556526623e-25,0.005000215243183388,4.2802701621477705e-11,6.81561163299038e-06
70.87087087087087,2.4390243826003185e-14,5.560104786863564e-12,4.024448792145378e-25,0.005000208879876366,3.935489709880953e-11,6.795175031736349e-06
71.17117117117117,2.4390243981011437e-14,5.560104908308547e-12,4.0244491167998036e-25,0.005000202702890864,3.6973087257208723e-11,6.7747997096005155e-06
71.47147147147147,2.4390243807083827e-14,5.560104792929701e-12,4.0244492630862185e-25,0.005000196707313842,3.53262404973385e-11,6.754485482837534e-06
71.77177177177177,2.4390242814507693e-14,5.5601047574789135e-12,4.024449460462146e-25,0.0050001908881897,3.4187108532752716e-11,6.734232168253026e-06
72.07207207207207,2.4390255402221595e-14,5.5601067662476334e-12,4.0244511308872013e-25,0.005000185240580573,3.3399546446891414e-11,6.714039583201909e-06
72.37237237237237,2.439025268817073e-14,5.560106836818048e-12,4.0244513920416637e-25,0.0050001797596060694,3.28563308936181e-11,6.693907545586774e-06
72.67267267267268,2.4390232551808724e-14,5.56010346132707e-12,4.024449152705134e-25,0.005000174440474117,3.248141788991572e-11,6.673835873856221e-06
72.97297297297297,2.439025111418706e-14,5.560105047416484e-12,4.0244504985784553e-25,0.005000169278492835,3.2221821793934696e-11,6.65382438700324e-06
73.27327327327328,2.43902416983515e-14,5.5601054752977495e-12,4.0244510002835497e-25,0.005000164269078226,3.204161018151937e-11,6.633872904563561e-06
73.57357357357357,2.4390244143924524e-14,5.560104874703191e-12,4.0244507518929604e-25,0.005000159407760508,3.191656291222876e-11,6.6139812466140435e-06
73.87387387387388,2.4390243906192146e-14,5.560104897000889e-12,4.024450948847543e-25,0.005000154690188405,3.1830052377975734e-11,6.594149233771041e-06
74.17417417417417,2.4390243904436463e-14,5.5601050639408535e-12,4.0244512451481386e-25,0.005000150112130434,3.177042938465007e-11,6.574376687188794e-06
74.47447447447448,2.4390243921124986e-14,5.560105503867916e-12,4.0244517338495205e-25,0.005000145669472678,3.173023327427203e-11,6.554663428557813e-06
74.77477477477477,2.4390243900441653e-14,5.560105176983288e-12,4.02445166248949e-25,0.005000141358222461,3.1702365117809615e-11,6.53500928010326e-06
75.07507507507508,2.439024389955356e-14,5.560105123327157e-12,4.0244517840067615e-25,0.005000137174498186,3.168340186593108e-11,6.5154140645833614e-06
75.37537537537537,2.4390243903288087e-14,5.560105015541357e-12,4.024451861601042e-25,0.005000133114533865,3.166969828770077e-11,6.495877605287801e-06
75.67567567567568,2.4390243902428683e-14,5.560105085268114e-12,4.024452063077187e-25,0.005000129174671192,3.16597389538749e-11,6.476399726036124e-06
75.97597597597597,2.4390243902311947e-14,5.560105147512827e-12,4.0244522546706148e-25,0.005000125351359227,3.165247158124345e-11,6.456980251176165e-06
76.27627627627628,2.4390243902434208e-14,5.560105141797706e-12,4.0244523927390853e-25,0.005000121641151119,3.1647295118184856e-11,6.437619005582429e-06
76.57657657657657,2.439024390243312e-14,5.560105148839589e-12,4.024452535834356e-25,0.005000118040701714,3.164373437091892e-11,6.418315814654562e-06
76.87687687687688,2.4390243902437133e-14,5.560105140136217e-12,4.0244526634506776e-25,0.005000114546764439,3.1641437731466364e-11,6.399070504315727e-06
77.17717717717719,2.439024390243628e-14,5.5601051597649696e-12,4.0244528076123874e-25,0.005000111156189013,3.163990391856239e-11,6.3798829010110676e-06
77.47747747747748,2.4390243902441267e-14,5.560105128051093e-12,4.0244529107673964e-25,0.005000107865917681,3.163960431485677e-11,6.3607528317061695e-06
77.77777777777779,2.4390243902442803e-14,5.560105126831222e-12,4.0244530322634725e-25,0.00500010467298409,3.163956894122323e-11,6.341680123885391e-06
78.07807807807808,2.439024390243611e-14,5.560105191590635e-12,4.0244531978955145e-25,0.005000101574509404,3.163918066496663e-11,6.322664605550389e-06
78.37837837837839,2.4390243902436057e-14,5.5601052132195295e-12,4.024453328796e-25,0.00500009856769896,3.163935919498153e-11,6.303706105218656e-06
78.67867867867868,2.439024390243608e-14,5.560105226798284e-12,4.0244534504603435e-25,0.0050000956498412194,3.163913948086335e-11,6.284804451921707e-06
78.97897897897899,2.4390243902436168e-14,5.56010523294312e-12,4.0244535634354217e-25,0.005000092818304864,3.1638525549228974e-11,6.265959475203805e-06
79.27927927927928,2.4390243902436227e-14,5.5601052439748616e-12,4.02445367673703e-25,0.005000090070536389,3.163793699782584e-11,6.247171005120374e-06
79.57957957957959,2.4390243902436158e-14,5.560105249770193e-12,4.0244537831328685e-25,0.005000087404055906,3.163731769985557e-11,6.228438872236238e-06
79.87987987987988,2.4390243902436108e-14,5.560105254158905e-12,4.0244538854870894e-25,0.005000084816460087,3.16366525499083e-11,6.209762907624485e-06
80.18018018018019,2.4390243902436104e-14,5.560105260653397e-12,4.024453986431469e-25,0.005000082305414604,3.163609716860852e-11,6.191142942864608e-06
80.48048048048048,2.4390243902436123e-14,5.5601052735904115e-12,4.02445408919184e-25,0.005000079868653218,3.163586355241064e-11,6.172578810041058e-06
80.78078078078079,2.4390243902436123e-14,5.5601052832120665e-12,4.0244541867894974e-25,0.005000077503980726,3.163573540035726e-11,6.1540703417419915e-06
81.08108108108108,2.4390243902436127e-14,5.5601052919305106e-12,4.024454281052169e-25,0.005000075209263135,3.1635759329937177e-11,6.135617371057327e-06
81.38138138138139,2.4390243902436127e-14,5.56010529874629e-12,4.0244543713357637e-25,0.005000072982430824,3.163586412798885e-11,6.117219731577536e-06
81.68168168168168,2.439024390243613e-14,5.560105306568561e-12,4.0244544598228817e-25,0.0050000708214767734,3.163608306347377e-11,6.098877257392178e-06
81.98198198198199,2.4390243902436127e-14,5.56010531357017e-12,4.02445454526574e-25,0.00500006872445124,3.163620596256328e-11,6.08058978308811e-06
82.28228228228228,2.4390243902436127e-14,5.5601053202011585e-12,4.024454628062552e-25,0.005000066689463498,3.1636364742525696e-11,6.06235714374759e-06
82.58258258258259,2.4390243902436127e-14,5.5601053268814756e-12,4.024454708587633e-25,0.005000064714677998,3.1636609366038944e-11,6.044179174947446e-06
82.88288288288288,2.4390243902436123e-14,5.5601053335440705e-12,4.0244547868607535e-25,0.005000062798312713,3.1636706194165e-11,6.026055712758767e-06
83.18318318318319,2.4390243902436127e-14,5.56010534024375e-12,4.024454862987896e-25,0.005000060938637464,3.1636624827747506e-11,6.007986593742099e-06
83.48348348348348,2.4390243902436127e-14,5.5601053464641365e-12,4.0244549366598527e-25,0.00500005913396808,3.163664270357678e-11,5.989971654940367e-06
83.78378378378379,2.4390243902436127e-14,5.5601053525654045e-12,4.0244550081994016e-25,0.0050000573826848764,3.163658456213289e-11,5.972010733903922e-06
84.08408408408408,2.4390243902436127e-14,5.560105358626664e-12,4.024455077723976e-25,0.005000055683217888,3.163643057718074e-11,5.954103668670512e-06
84.38438438438439,2.4390243902436127e-14,5.560105364412015e-12,4.0244551451227505e-25,0.005000054034003726,3.16362897853233e-11,5.936250297721152e-06
84.68468468468468,2.4390243902436123e-14,5.560105370013281e-12,4.024455210518386e-25,0.005000052433576168,3.1636148099959594e-11,5.918450460075254e-06
84.98498498498499,2.4390243902436123e-14,5.56010537542186e-12,4.024455273959441e-25,0.005000050880505807,3.163603616826703e-11,5.900703995227249e-06
85.28528528528528,2.4390243902436123e-14,5.560105380665681e-12,4.0244553355205e-25,0.005000049373374191,3.163593900320901e-11,5.883010743120203e-06
85.58558558558559,2.439024390243612e-14,5.560105385765908e-12,4.024455395269239e-25,0.005000047910815223,3.1635851528785975e-11,5.86537054418848e-06
85.88588588588588,2.4390243902436123e-14,5.560105390715419e-12,4.0244554532501444e-25,0.005000046491533766,3.1635804584124435e-11,5.847783239376912e-06
86.18618618618619,2.4390243902436127e-14,5.5601053955198694e-12,4.0244555095162955e-25,0.005000045114251749,3.163579832498895e-11,5.83024867008432e-06
86.48648648648648,2.4390243902436123e-14,5.5601054001799085e-12,4.0244555641170217e-25,0.005000043777694362,3.1635796800901895e-11,5.812766678147792e-06
86.78678678678679,2.4390243902436127e-14,5.5601054047042836e-12,4.024455617103802e-25,0.005000042480683746,3.1635809007993994e-11,5.795337105944624e-06
87.08708708708708,2.4390243902436123e-14,5.560105409099274e-12,4.0244556685255017e-25,0.0050000412220635015,3.163582357835067e-11,5.777959796310172e-06
87.38738738738739,2.4390243902436127e-14,5.560105413361524e-12,4.0244557184247745e-25,0.005000040000657412,3.163585134861381e-11,5.760634592485931e-06
87.68768768768768,2.4390243902436123e-14,5.560105417497338e-12,4.024455766847484e-25,0.005000038815387925,3.163587545828068e-11,5.74336133826211e-06
87.98798798798799,2.4390243902436127e-14,5.5601054215095894e-12,4.024455813836312e-25,0.005000037665195757,3.163588520863224e-11,5.726139877880894e-06
88.28828828828829,2.439024390243613e-14,5.560105425403057e-12,4.0244558594350477e-25,0.005000036549028586,3.1635889427536363e-11,5.708970056018493e-06
88.58858858858859,2.4390243902436127e-14,5.560105429181925e-12,4.0244559036855357e-25,0.00500003546587376,3.1635893309990356e-11,5.691851717829236e-06
88.88888888888889,2.4390243902436127e-14,5.5601054328488285e-12,4.024455946626518e-25,0.005000034414770182,3.163588996830423e-11,5.6747847089616055e-06
89.1891891891892,2.439024390243612e-14,5.56010543640711e-12,4.0244559882967416e-25,0.005000033394770069,3.1635880644019405e-11,5.657768875505084e-06
89.48948948948949,2.4390243902436123e-14,5.560105439860254e-12,4.0244560287348185e-25,0.005000032404931833,3.1635869812498124e-11,5.64080406397835e-06
89.7897897897898,2.439024390243612e-14,5.56010544321132e-12,4.0244560679764883e-25,0.005000031444380762,3.163585966123923e-11,5.623890121419493e-06
90.09009009009009,2.4390243902436123e-14,5.560105446463408e-12,4.0244561060568477e-25,0.00500003051225972,3.163585457090587e-11,5.607026895312715e-06
90.3903903903904,2.4390243902436123e-14,5.5601054496192045e-12,4.0244561430111897e-25,0.00500002960769862,3.163584635339887e-11,5.590214233537566e-06
90.69069069069069,2.4390243902436127e-14,5.560105452681634e-12,4.0244561788722116e-25,0.005000028729899581,3.163584095501449e-11,5.573451984506111e-06
90.990990990991,2.4390243902436127e-14,5.560105455653404e-12,4.0244562136719404e-25,0.005000027878078168,3.1635840031760145e-11,5.556739997068287e-06
91.29129129129129,2.439024390243613e-14,5.5601054585372665e-12,4.024456247442258e-25,0.005000027051454526,3.1635841232907264e-11,5.540078120494551e-06
91.5915915915916,2.4390243902436127e-14,5.5601054613358495e-12,4.0244562802137855e-25,0.005000026249279325,3.163584287575753e-11,5.523466204521122e-06
91.89189189189189,2.4390243902436127e-14,5.560105464051611e-12,4.024456312015569e-25,0.00500002547084121,3.163584529012371e-11,5.506904099363009e-06
92.1921921921922,2.4390243902436123e-14,5.560105466687002e-12,4.024456342876289e-25,0.0050000247154381346,3.1635847896855264e-11,5.4903916556625304e-06
92.49249249249249,2.4390243902436123e-14,5.560105469244471e-12,4.0244563728244573e-25,0.005000023982372472,3.163585120269078e-11,5.473928724478973e-06
92.7927927927928,2.439024390243612e-14,5.560105471726275e-12,4.024456401886518e-25,0.005000023270996902,3.163585360989717e-11,5.4575151573759535e-06
93.09309309309309,2.4390243902436123e-14,5.560105474134629e-12,4.0244564300884056e-25,0.005000022580676614,3.163585405349849e-11,5.441150806349424e-06
93.3933933933934,2.4390243902436123e-14,5.560105476471772e-12,4.024456457456446e-25,0.005000021910767012,3.1635855022981034e-11,5.424835523779219e-06
93.69369369369369,2.4390243902436123e-14,5.560105478739767e-12,4.024456484014776e-25,0.005000021260677325,3.163585522552646e-11,5.40856916256204e-06
93.993993993994,2.4390243902436127e-14,5.560105480940644e-12,4.0244565097871334e-25,0.005000020629826578,3.163585466411521e-11,5.392351576019411e-06
94.29429429429429,2.4390243902436127e-14,5.560105483076417e-12,4.024456534797123e-25,0.0050000200176369275,3.1635853646022757e-11,5.37618261788023e-06
94.5945945945946,2.4390243902436127e-14,5.560105485149023e-12,4.024456559067403e-25,0.005000019423553778,3.1635852514563174e-11,5.360062142326919e-06
94.89489489489489,2.4390243902436123e-14,5.5601054871602974e-12,4.024456582619502e-25,0.00500001884705011,3.1635851591355526e-11,5.34399000400537e-06
95.1951951951952,2.4390243902436117e-14,5.560105489112057e-12,4.024456605474671e-25,0.00500001828760577,3.163585100792288e-11,5.327966057975922e-06
95.49549549549549,2.4390243902436114e-14,5.5601054910061024e-12,4.0244566276540033e-25,0.005000017744704437,3.163585023886601e-11,5.311990159704731e-06
95.7957957957958,2.439024390243612e-14,5.5601054928441074e-12,4.02445664917709e-25,0.005000017217866575,3.163584980847962e-11,5.296062165146518e-06
96.09609609609609,2.4390243902436127e-14,5.560105494627713e-12,4.0244566700631446e-25,0.005000016706621907,3.1635849871978e-11,5.2801819306753675e-06
96.3963963963964,2.4390243902436127e-14,5.560105496358581e-12,4.0244566903316588e-25,0.0050000162104932265,3.163584991442239e-11,5.264349313038635e-06
96.6966966966967,2.439024390243613e-14,5.560105498038241e-12,4.024456710000511e-25,0.00500001572904299,3.163585009065808e-11,5.248564169484837e-06
96.996996996997,2.4390243902436127e-14,5.5601054996681916e-12,4.024456729087275e-25,0.005000015261840974,3.163585029491527e-11,5.232826357674851e-06
97.2972972972973,2.439024390243612e-14,5.560105501249918e-12,4.0244567476093135e-25,0.005000014808462242,3.163585052053286e-11,5.217135735673823e-06
97.5975975975976,2.4390243902436117e-14,5.560105502784851e-12,4.024456765583397e-25,0.005000014368496241,3.163585073235911e-11,5.201492161978471e-06
97.8978978978979,2.4390243902436117e-14,5.560105504274364e-12,4.0244567830256125e-25,0.00500001394154921,3.1635850820844863e-11,5.185895495524435e-06
98.1981981981982,2.439024390243612e-14,5.560105505719799e-12,4.024456799951677e-25,0.005000013527236425,3.163585076735776e-11,5.170345595661815e-06
98.4984984984985,2.4390243902436127e-14,5.5601055071224605e-12,4.024456816376855e-25,0.005000013125184235,3.1635850708116425e-11,5.154842322159631e-06
98.7987987987988,2.4390243902436127e-14,5.560105508483621e-12,4.0244568323160586e-25,0.005000012735027634,3.163585059803881e-11,5.139385535204238e-06
99.0990990990991,2.4390243902436133e-14,5.560105509804522e-12,4.024456847783819e-25,0.00500001235641094,3.163585047171014e-11,5.123975095396737e-06
99.3993993993994,2.4390243902436136e-14,5.560105511086327e-12,4.024456862793768e-25,0.005000011989000454,3.163585033502183e-11,5.108610863783696e-06
99.6996996996997,2.4390243902436136e-14,5.5601055123302136e-12,4.024456877359684e-25,0.005000011632458933,3.1635850233042145e-11,5.0932927017955966e-06
100.0,2.439024390243613e-14,5.5601055135373124e-12,4.0244568914948207e-25,0.005000011286461934,3.1635850199780095e-11,5.0780204712854465e-06
100.30030030030031,2.4390243902436123e-14,5.560105514708706e-12,4.0244569052118346e-25,0.005000010950699686,3.1635850217433086e-11,5.062794034532956e-06
100.6006006006006,2.4390243902436117e-14,5.560105515845443e-12,4.024456918523051e-25,0.005000010624870416,3.1635850261426176e-11,5.0476132542278965e-06
100.90090090090091,2.4390243902436114e-14,5.560105516948561e-12,4.0244569314405505e-25,0.005000010308678534,3.1635850308029706e-11,5.032477993465162e-06
101.2012012012012,2.439024390243611e-14,5.560105518019049e-12,4.024456943975973e-25,0.0050000100018390125,3.163585033674798e-11,5.017388115754587e-06
101.50150150150151,2.4390243902436114e-14,5.560105519057874e-12,4.024456956140595e-25,0.0050000097040759405,3.16358503915318e-11,5.002343485016447e-06
101.8018018018018,2.4390243902436117e-14,5.560105520065967e-12,4.0244569679453604e-25,0.00500000941512132,3.163585040012001e-11,4.987343965579645e-06
102.10210210210211,2.4390243902436127e-14,5.5601055210442366e-12,4.024456979400879e-25,0.005000009134715536,3.163585031958076e-11,4.972389422180993e-06
102.4024024024024,2.4390243902436136e-14,5.560105521993566e-12,4.0244569905175244e-25,0.005000008862604565,3.163585025191174e-11,4.95747971995553e-06
102.70270270270271,2.4390243902436136e-14,5.56010552291481e-12,4.024457001305285e-25,0.005000008598543999,3.163585016673585e-11,4.942614724450667e-06
103.003003003003,2.439024390243613e-14,5.560105523808799e-12,4.024457011773883e-25,0.005000008342295836,3.163585009316105e-11,4.927794301614477e-06
103.30330330330331,2.4390243902436117e-14,5.5601055246763366e-12,4.024457021932751e-25,0.005000008093629159,3.1635850013379383e-11,4.913018317795585e-06
103.6036036036036,2.439024390243611e-14,5.560105525518208e-12,4.0244570317910578e-25,0.0050000078523195655,3.1635849929862014e-11,4.8982866397431805e-06
103.90390390390391,2.4390243902436114e-14,5.5601055263351746e-12,4.0244570413577193e-25,0.005000007618148833,3.163584987733338e-11,4.883599134605911e-06
104.2042042042042,2.4390243902436123e-14,5.560105527127972e-12,4.024457050641369e-25,0.005000007390905578,3.1635849861243395e-11,4.868955669930968e-06
104.50450450450451,2.439024390243613e-14,5.560105527897313e-12,4.0244570596503427e-25,0.005000007170385803,3.163584984846988e-11,4.854356113664526e-06
104.8048048048048,2.4390243902436127e-14,5.5601055286438955e-12,4.024457068392808e-25,0.005000006956389565,3.1635849849002595e-11,4.83980033414532e-06
105.10510510510511,2.4390243902436123e-14,5.560105529368393e-12,4.0244570768766715e-25,0.005000006748723316,3.1635849849241333e-11,4.825288200107684e-06
105.4054054054054,2.4390243902436123e-14,5.560105530071458e-12,4.0244570851095406e-25,0.005000006547200899,3.163584986732776e-11,4.810819580682704e-06
105.70570570570571,2.4390243902436123e-14,5.560105530753724e-12,4.0244570930988623e-25,0.0050000063516399415,3.16358498800148e-11,4.796394345390699e-06
106.006006006006,2.4390243902436127e-14,5.560105531415807e-12,4.024457100851846e-25,0.005000006161864027,3.1635849871501694e-11,4.782012364144398e-06
106.30630630630631,2.4390243902436127e-14,5.560105532058305e-12,4.024457108375478e-25,0.005000005977702148,3.1635849853610734e-11,4.7676735072466296e-06
106.6066066066066,2.4390243902436127e-14,5.560105532681795e-12,4.0244571156765378e-25,0.005000005798988338,3.1635849831741746e-11,4.7533776453893135e-06
106.90690690690691,2.4390243902436127e-14,5.56010553328684e-12,4.024457122761608e-25,0.005000005625561477,3.1635849801862315e-11,4.73912464965232e-06
107.2072072072072,2.4390243902436123e-14,5.5601055338739864e-12,4.024457129637075e-25,0.005000005457265243,3.163584976659021e-11,4.7249143915018514e-06
107.50750750750751,2.439024390243612e-14,5.560105534443763e-12,4.024457136309139e-25,0.005000005293947884,3.163584972450009e-11,4.7107467427888985e-06
107.8078078078078,2.4390243902436123e-14,5.560105534996682e-12,4.0244571427838154e-25,0.005000005135462108,3.1635849687373836e-11,4.696621575749589e-06
108.10810810810811,2.4390243902436123e-14,5.560105535533245e-12,4.0244571490669493e-25,0.005000004981664894,3.163584966577161e-11,4.682538763002772e-06
108.4084084084084,2.4390243902436127e-14,5.560105536053933e-12,4.024457155164192e-25,0.00500000483241787,3.163584964059957e-11,4.668498177549207e-06
108.70870870870871,2.4390243902436123e-14,5.560105536559216e-12,4.024457161081053e-25,0.005000004687586177,3.163584962279537e-11,4.654499692770273e-06
109.009009009009,2.4390243902436123e-14,5.560105537049552e-12,4.024457166822879e-25,0.005000004547038983,3.163584961212257e-11,4.640543182426875e-06
109.30930930930931,2.439024390243612e-14,5.560105537525382e-12,4.0244571723948363e-25,0.005000004410649784,3.163584960763099e-11,4.626628520659027e-06
109.6096096096096,2.4390243902436123e-14,5.560105537987134e-12,4.0244571778019496e-25,0.0050000042782955886,3.163584960608245e-11,4.6127555819838235e-06
109.90990990990991,2.4390243902436123e-14,5.560105538435228e-12,4.0244571830491084e-25,0.00500000414985677,3.163584960154397e-11,4.598924241294232e-06
110.2102102102102,2.4390243902436123e-14,5.560105538870066e-12,4.0244571881410437e-25,0.005000004025217474,3.1635849592007123e-11,4.5851343738586996e-06
110.51051051051051,2.4390243902436123e-14,5.56010553929204e-12,4.024457193082336e-25,0.005000003904265574,3.163584958487013e-11,4.5713858553201226e-06
110.8108108108108,2.4390243902436123e-14,5.560105539701529e-12,4.02445719787745e-25,0.00500000378689178,3.1635849573584364e-11,4.557678561693606e-06
111.11111111111111,2.439024390243612e-14,5.560105540098904e-12,4.0244572025307136e-25,0.005000003672990171,3.163584955715475e-11,4.544012369366247e-06
111.41141141141141,2.4390243902436123e-14,5.5601055404845255e-12,4.024457207046315e-25,0.005000003562458259,3.163584953871028e-11,4.53038715509609e-06
111.71171171171171,2.439024390243612e-14,5.5601055408587375e-12,4.024457211428329e-25,0.005000003455196252,3.1635849519373454e-11,4.516802796010417e-06
112.01201201201201,2.4390243902436123e-14,5.5601055412218794e-12,4.02445721568071e-25,0.005000003351107374,3.1635849502853436e-11,4.5032591696050375e-06
112.31231231231232,2.4390243902436127e-14,5.560105541574278e-12,4.0244572198072884e-25,0.005000003250097856,3.163584948652601e-11,4.489756153743145e-06
112.61261261261261,2.4390243902436127e-14,5.5601055419162515e-12,4.024457223811786e-25,0.005000003152076618,3.16358494706872e-11,4.476293626654106e-06
112.91291291291292,2.4390243902436127e-14,5.5601055422481085e-12,4.0244572276978176e-25,0.005000003056955169,3.163584945845459e-11,4.462871466932342e-06
113.21321321321321,2.4390243902436127e-14,5.560105542570147e-12,4.0244572314688866e-25,0.005000002964647728,3.163584944997641e-11,4.449489553536379e-06
113.51351351351352,2.4390243902436127e-14,5.5601055428826586e-12,4.02445723512839e-25,0.005000002875071193,3.1635849442683006e-11,4.436147765787819e-06
113.81381381381381,2.4390243902436127e-14,5.560105543185926e-12,4.024457238679633e-25,0.005000002788144634,3.163584943640381e-11,4.422845983369799e-06
114.11411411411412,2.4390243902436127e-14,5.560105543480221e-12,4.024457242125821e-25,0.005000002703789565,3.1635849429175366e-11,4.409584086326265e-06
114.41441441441441,2.4390243902436127e-14,5.5601055437658104e-12,4.0244572454700542e-25,0.005000002621930157,3.163584942406659e-11,4.396361955061338e-06
114.71471471471472,2.4390243902436127e-14,5.56010554404295e-12,4.024457248715353e-25,0.005000002542492427,3.163584941814124e-11,4.383179470337151e-06
115.01501501501501,2.439024390243612e-14,5.560105544311892e-12,4.024457251864648e-25,0.00500000246540466,3.163584940999239e-11,4.370036513273494e-06
115.31531531531532,2.439024390243612e-14,5.560105544572877e-12,4.0244572549207744e-25,0.005000002390597447,3.1635849400900866e-11,4.356932965346906e-06
115.61561561561562,2.4390243902436117e-14,5.5601055448261404e-12,4.024457257886489e-25,0.005000002318003329,3.1635849391434075e-11,4.343868708389167e-06
115.91591591591592,2.439024390243612e-14,5.5601055450719124e-12,4.024457260764468e-25,0.005000002247556758,3.1635849381739156e-11,4.330843624586231e-06
116.21621621621622,2.4390243902436123e-14,5.560105545310414e-12,4.0244572635573096e-25,0.005000002179194205,3.1635849372142646e-11,4.3178575964774645e-06
116.51651651651652,2.4390243902436127e-14,5.5601055455418585e-12,4.024457266267525e-25,0.005000002112854122,3.1635849362013096e-11,4.304910506954596e-06
116.81681681681683,2.4390243902436127e-14,5.560105545766457e-12,4.0244572688975644e-25,0.005000002048476594,3.1635849352877674e-11,4.2920022392601974e-06
117.11711711711712,2.4390243902436127e-14,5.560105545984411e-12,4.0244572714497986e-25,0.005000001986003523,3.1635849345690134e-11,4.279132676987012e-06
117.41741741741743,2.4390243902436123e-14,5.560105546195917e-12,4.0244572739265266e-25,0.005000001925378708,3.163584933854334e-11,4.266301704077128e-06
117.71771771771772,2.4390243902436123e-14,5.560105546401166e-12,4.0244572763299837e-25,0.005000001866547388,3.1635849332304445e-11,4.25350920482026e-06
118.01801801801803,2.4390243902436123e-14,5.5601055466003435e-12,4.0244572786623413e-25,0.005000001809456459,3.163584932665928e-11,4.240755063853131e-06
118.31831831831832,2.4390243902436123e-14,5.5601055467936275e-12,4.024457280925697e-25,0.005000001754054515,3.163584932173589e-11,4.228039166158619e-06
118.61861861861863,2.439024390243612e-14,5.560105546981195e-12,4.024457283122094e-25,0.00500000170029159,3.163584931718392e-11,4.21536139706433e-06
118.91891891891892,2.439024390243612e-14,5.5601055471632124e-12,4.024457285253515e-25,0.005000001648119131,3.16358493122393e-11,4.202721642241587e-06
119.21921921921923,2.439024390243612e-14,5.560105547339846e-12,4.0244572873218817e-25,0.005000001597490095,3.163584930675949e-11,4.190119787704666e-06
119.51951951951952,2.4390243902436127e-14,5.560105547511253e-12,4.0244572893290558e-25,0.0050000015483589,3.163584930154069e-11,4.1775557198097885e-06
119.81981981981983,2.4390243902436127e-14,5.5601055476775895e-12,4.024457291276852e-25,0.005000001500681165,3.1635849296027993e-11,4.165029325253605e-06
120.12012012012012,2.439024390243613e-14,5.560105547839006e-12,4.0244572931670283e-25,0.0050000014544138525,3.1635849290280516e-11,4.152540491072584e-06
120.42042042042043,2.439024390243613e-14,5.560105547995647e-12,4.0244572950012834e-25,0.005000001409515352,3.163584928434177e-11,4.14008910464226e-06
120.72072072072072,2.4390243902436127e-14,5.560105548147654e-12,4.0244572967812758e-25,0.005000001365945101,3.163584927853408e-11,4.127675053675449e-06
121.02102102102103,2.4390243902436123e-14,5.560105548295164e-12,4.02445729850861e-25,0.005000001323663774,3.16358492732938e-11,4.115298226221736e-06
121.32132132132132,2.439024390243612e-14,5.560105548438309e-12,4.024457300184843e-25,0.005000001282633297,3.1635849268242615e-11,4.1029585106666225e-06
121.62162162162163,2.439024390243612e-14,5.56010554857722e-12,4.0244573018114865e-25,0.005000001242816667,3.163584926340953e-11,4.090655795730137e-06
121.92192192192192,2.4390243902436123e-14,5.560105548712022e-12,4.024457303390009e-25,0.005000001204177934,3.163584925903917e-11,4.078389970465867e-06
122.22222222222223,2.4390243902436127e-14,5.560105548842837e-12,4.0244573049218345e-25,0.005000001166682254,3.163584925510754e-11,4.0661609242602046e-06
122.52252252252252,2.439024390243613e-14,5.560105548969779e-12,4.02445730640834e-25,0.005000001130295867,3.1635849251435714e-11,4.0539685468313515e-06
122.82282282282283,2.439024390243613e-14,5.5601055490929675e-12,4.0244573078508707e-25,0.005000001094985911,3.163584924788448e-11,4.041812728227892e-06
123.12312312312312,2.439024390243613e-14,5.560105549212512e-12,4.024457309250728e-25,0.005000001060720511,3.1635849244215235e-11,4.029693358828169e-06
123.42342342342343,2.439024390243613e-14,5.560105549328518e-12,4.024457310609169e-25,0.0050000010274688506,3.163584924083191e-11,4.01761032933955e-06
123.72372372372372,2.4390243902436127e-14,5.560105549441094e-12,4.0244573119274254e-25,0.005000000995200889,3.163584923740688e-11,4.0055635307967114e-06
124.02402402402403,2.4390243902436127e-14,5.560105549550339e-12,4.0244573132066824e-25,0.005000000963887498,3.1635849233835824e-11,3.993552854561132e-06
124.32432432432432,2.439024390243613e-14,5.560105549656353e-12,4.024457314448095e-25,0.005000000933500484,3.1635849230232335e-11,3.981578192320283e-06
124.62462462462463,2.4390243902436127e-14,5.560105549759231e-12,4.0244573156527805e-25,0.005000000904012442,3.163584922665896e-11,3.969639436086243e-06
124.92492492492492,2.4390243902436127e-14,5.560105549859064e-12,4.0244573168218285e-25,0.005000000875396743,3.1635849223189894e-11,3.957736478194797e-06
125.22522522522523,2.4390243902436123e-14,5.560105549955945e-12,4.024457317956292e-25,0.005000000847627586,3.163584921985353e-11,3.945869211304686e-06
125.52552552552552,2.4390243902436123e-14,5.560105550049958e-12,4.024457319057193e-25,0.005000000820679967,3.163584921654062e-11,3.934037528396647e-06
125.82582582582583,2.4390243902436123e-14,5.560105550141191e-12,4.024457320125526e-25,0.005000000794529545,3.163584921342397e-11,3.922241322772017e-06
126.12612612612612,2.439024390243612e-14,5.560105550229725e-12,4.024457321162255e-25,0.005000000769152719,3.163584921057613e-11,3.91048048805215e-06
126.42642642642643,2.439024390243612e-14,5.56010555031564e-12,4.024457322168312e-25,0.005000000744526663,3.163584920782539e-11,3.8987549181776796e-06
126.72672672672672,2.439024390243612e-14,5.560105550399013e-12,4.024457323144607e-25,0.005000000720629129,3.16358492052202e-11,3.887064507406871e-06
127.02702702702703,2.4390243902436123e-14,5.560105550479919e-12,4.02445732409202e-25,0.005000000697438547,3.163584920269639e-11,3.8754091503151265e-06
127.32732732732732,2.4390243902436123e-14,5.560105550558433e-12,4.024457325011406e-25,0.00500000067493404,3.163584920029718e-11,3.86378874179419e-06
127.62762762762763,2.4390243902436127e-14,5.560105550634621e-12,4.0244573259035904e-25,0.005000000653095305,3.1635849197980136e-11,3.8522031770508145e-06
127.92792792792793,2.4390243902436127e-14,5.560105550708559e-12,4.0244573267693833e-25,0.005000000631902625,3.1635849195658505e-11,3.8406523516058776e-06
128.22822822822823,2.4390243902436123e-14,5.5601055507803085e-12,4.0244573276095638e-25,0.005000000611336891,3.163584919332491e-11,3.8291361612936685e-06
128.52852852852854,2.439024390243612e-14,5.560105550849935e-12,4.024457328424886e-25,0.005000000591379585,3.1635849191056686e-11,3.817654502260935e-06
128.82882882882882,2.439024390243612e-14,5.560105550917501e-12,4.0244573292160894e-25,0.00500000057201268,3.1635849188815266e-11,3.80620727096555e-06
129.12912912912913,2.4390243902436123e-14,5.560105550983069e-12,4.024457329983887e-25,0.0050000005532187,3.163584918662155e-11,3.794794364175928e-06
129.42942942942943,2.439024390243612e-14,5.560105551046696e-12,4.0244573307289685e-25,0.005000000534980737,3.1635849184448075e-11,3.7834156789703224e-06
129.72972972972974,2.4390243902436123e-14,5.560105551108442e-12,4.024457331452009e-25,0.005000000517282313,3.163584918234679e-11,3.77207111273522e-06
130.03003003003002,2.4390243902436127e-14,5.560105551168363e-12,4.0244573321536613e-25,0.0050000005001074556,3.1635849180363096e-11,3.7607605631648604e-06
130.33033033033033,2.4390243902436127e-14,5.560105551226508e-12,4.024457332834553e-25,0.0050000004834407025,3.163584917844817e-11,3.7494839282604753e-06
130.63063063063063,2.4390243902436127e-14,5.560105551282935e-12,4.0244573334953035e-25,0.005000000467267018,3.1635849176603754e-11,3.738241106328973e-06
130.93093093093094,2.4390243902436127e-14,5.560105551337692e-12,4.024457334136506e-25,0.005000000451571798,3.1635849174842344e-11,3.7270319959821044e-06
131.23123123123122,2.439024390243612e-14,5.560105551390829e-12,4.0244573347587395e-25,0.0050000004363408915,3.163584917315806e-11,3.7158564961357582e-06
131.53153153153153,2.4390243902436117e-14,5.560105551442394e-12,4.0244573353625643e-25,0.005000000421560586,3.163584917154157e-11,3.704714506009031e-06
131.83183183183183,2.4390243902436117e-14,5.560105551492434e-12,4.0244573359485276e-25,0.005000000407217529,3.163584916996574e-11,3.6936059251229463e-06
132.13213213213214,2.4390243902436123e-14,5.560105551540993e-12,4.0244573365171546e-25,0.005000000393298777,3.163584916840402e-11,3.682530653299886e-06
132.43243243243242,2.439024390243612e-14,5.5601055515881166e-12,4.024457337068961e-25,0.005000000379791809,3.163584916690277e-11,3.671488590662898e-06
132.73273273273273,2.4390243902436123e-14,5.560105551633845e-12,4.0244573376044414e-25,0.005000000366684423,3.163584916542827e-11,3.6604796376341444e-06
133.03303303303304,2.4390243902436127e-14,5.560105551678221e-12,4.024457338124081e-25,0.00500000035396479,3.163584916397497e-11,3.64950369493444e-06
133.33333333333334,2.439024390243613e-14,5.560105551721284e-12,4.024457338628348e-25,0.005000000341621454,3.16358491625492e-11,3.6385606635825125e-06
133.63363363363362,2.4390243902436133e-14,5.5601055517630725e-12,4.0244573391176966e-25,0.005000000329643283,3.1635849161158036e-11,3.6276504448937153e-06
133.93393393393393,2.4390243902436127e-14,5.560105551803625e-12,4.024457339592569e-25,0.005000000318019462,3.163584915981395e-11,3.6167729404792266e-06
134.23423423423424,2.439024390243612e-14,5.560105551842979e-12,4.024457340053393e-25,0.0050000003067395115,3.16358491585177e-11,3.6059280522453725e-06
134.53453453453454,2.4390243902436117e-14,5.560105551881167e-12,4.024457340500583e-25,0.005000000295793272,3.163584915725395e-11,3.595115682392709e-06
134.83483483483485,2.439024390243612e-14,5.560105551918227e-12,4.0244573409345457e-25,0.005000000285170858,3.1635849156039565e-11,3.5843357334147925e-06
135.13513513513513,2.439024390243613e-14,5.56010555195419e-12,4.024457341355669e-25,0.005000000274862683,3.163584915487799e-11,3.5735881080976223e-06
135.43543543543544,2.439024390243613e-14,5.560105551989088e-12,4.0244573417643336e-25,0.005000000264859474,3.16358491537553e-11,3.5628727095189612e-06
135.73573573573574,2.439024390243613e-14,5.560105552022955e-12,4.0244573421609087e-25,0.005000000255152192,3.1635849152670737e-11,3.552189441046846e-06
136.03603603603605,2.4390243902436127e-14,5.56010555205582e-12,4.0244573425457522e-25,0.005000000245732079,3.163584915161415e-11,3.5415382063391264e-06
136.33633633633633,2.4390243902436123e-14,5.560105552087713e-12,4.0244573429192105e-25,0.00500000023659065,3.1635849150593046e-11,3.5309189093427614e-06
136.63663663663664,2.439024390243613e-14,5.560105552118661e-12,4.02445734328162e-25,0.005000000227719662,3.1635849149601606e-11,3.52033145429254e-06
136.93693693693695,2.4390243902436127e-14,5.560105552148694e-12,4.0244573436333086e-25,0.005000000219111104,3.1635849148630677e-11,3.5097757457103445e-06
137.23723723723725,2.4390243902436127e-14,5.560105552177839e-12,4.024457343974593e-25,0.005000000210757215,3.163584914767972e-11,3.4992516884044665e-06
137.53753753753753,2.4390243902436127e-14,5.5601055522061215e-12,4.024457344305781e-25,0.005000000202650472,3.16358491467551e-11,3.4887591874687195e-06
137.83783783783784,2.4390243902436123e-14,5.560105552233567e-12,4.024457344627171e-25,0.005000000194783552,3.163584914585491e-11,3.4782981482812512e-06
138.13813813813815,2.4390243902436123e-14,5.560105552260201e-12,4.0244573449390537e-25,0.005000000187149354,3.163584914498209e-11,3.467868476504004e-06
138.43843843843845,2.439024390243612e-14,5.560105552286047e-12,4.0244573452417095e-25,0.005000000179741015,3.1635849144130155e-11,3.45747007808205e-06
138.73873873873873,2.4390243902436123e-14,5.560105552311129e-12,4.024457345535412e-25,0.00500000017255184,3.1635849143305585e-11,3.44710285924215e-06
139.03903903903904,2.4390243902436127e-14,5.560105552335468e-12,4.024457345820425e-25,0.005000000165575338,3.163584914251217e-11,3.436766726492298e-06
139.33933933933935,2.439024390243613e-14,5.560105552359087e-12,4.0244573460970065e-25,0.005000000158805232,3.163584914174393e-11,3.4264615866210525e-06
139.63963963963965,2.439024390243613e-14,5.560105552382008e-12,4.024457346365406e-25,0.00500000015223541,3.163584914100041e-11,3.4161873466962806e-06
139.93993993993993,2.4390243902436127e-14,5.560105552404251e-12,4.0244573466258656e-25,0.005000000145859945,3.163584914028091e-11,3.4059439140644526e-06
140.24024024024024,2.4390243902436123e-14,5.560105552425836e-12,4.02445734687862e-25,0.005000000139673087,3.163584913958435e-11,3.3957311963499746e-06
140.54054054054055,2.439024390243612e-14,5.560105552446782e-12,4.0244573471238964e-25,0.005000000133669263,3.163584913891035e-11,3.3855491014543258e-06
140.84084084084085,2.439024390243612e-14,5.560105552467108e-12,4.024457347361917e-25,0.005000000127843051,3.1635849138254646e-11,3.375397537554912e-06
141.14114114114113,2.4390243902436123e-14,5.560105552486834e-12,4.0244573475928966e-25,0.005000000122189194,3.163584913761427e-11,3.3652764131045367e-06
141.44144144144144,2.4390243902436127e-14,5.560105552505975e-12,4.024457347817042e-25,0.005000000116702605,3.1635849136993725e-11,3.3551856368307535e-06
141.74174174174175,2.4390243902436123e-14,5.5601055525245505e-12,4.024457348034557e-25,0.0050000001113783285,3.163584913638958e-11,3.3451251177344723e-06
142.04204204204206,2.4390243902436123e-14,5.5601055525425756e-12,4.0244573482456366e-25,0.005000000106211559,3.1635849135801635e-11,3.3350947650895217e-06
142.34234234234233,2.4390243902436123e-14,5.5601055525600675e-12,4.024457348450471e-25,0.005000000101197642,3.16358491352294e-11,3.3250944884419933e-06
142.64264264264264,2.4390243902436127e-14,5.560105552577042e-12,4.0244573486492463e-25,0.005000000096332058,3.163584913467352e-11,3.3151241976090157e-06
142.94294294294295,2.4390243902436127e-14,5.560105552593515e-12,4.024457348842142e-25,0.005000000091610411,3.163584913413532e-11,3.3051838026780863e-06
143.24324324324326,2.439024390243613e-14,5.5601055526095005e-12,4.0244573490293305e-25,0.005000000087028446,3.163584913361435e-11,3.2952732140064206e-06
143.54354354354354,2.4390243902436127e-14,5.560105552625014e-12,4.0244573492109824e-25,0.005000000082582038,3.163584913310845e-11,3.285392342220098e-06
143.84384384384384,2.4390243902436127e-14,5.5601055526400666e-12,4.0244573493872584e-25,0.005000000078267167,3.1635849132618825e-11,3.2755410982129695e-06
144.14414414414415,2.4390243902436127e-14,5.5601055526546755e-12,4.0244573495583213e-25,0.005000000074079942,3.163584913214511e-11,3.2657193931461355e-06
144.44444444444446,2.4390243902436123e-14,5.560105552668852e-12,4.024457349724323e-25,0.005000000070016595,3.1635849131686166e-11,3.2559271384473177e-06
144.74474474474474,2.4390243902436123e-14,5.560105552682608e-12,4.024457349885413e-25,0.005000000066073456,3.163584913124106e-11,3.24616424580951e-06
145.04504504504504,2.4390243902436123e-14,5.560105552695959e-12,4.0244573500417383e-25,0.005000000062246965,3.1635849130808204e-11,3.236430627190543e-06
145.34534534534535,2.4390243902436123e-14,5.560105552708912e-12,4.024457350193438e-25,0.005000000058533677,3.163584913038849e-11,3.2267261948124667e-06
145.64564564564566,2.4390243902436127e-14,5.560105552721484e-12,4.024457350340651e-25,0.005000000054930244,3.1635849129980914e-11,3.2170508611603425e-06
145.94594594594594,2.4390243902436127e-14,5.560105552733683e-12,4.0244573504835074e-25,0.00500000005143341,3.1635849129584455e-11,3.2074045389816025e-06
146.24624624624624,2.439024390243613e-14,5.560105552745523e-12,4.02445735062214e-25,0.005000000048040024,3.163584912919885e-11,3.197787141285422e-06
146.54654654654655,2.439024390243613e-14,5.560105552757012e-12,4.02445735075667e-25,0.00500000004474703,3.163584912882434e-11,3.1881985813418816e-06
146.84684684684686,2.4390243902436127e-14,5.560105552768159e-12,4.024457350887219e-25,0.005000000041551453,3.163584912846079e-11,3.178638772680913e-06
147.14714714714714,2.4390243902436123e-14,5.560105552778978e-12,4.024457351013907e-25,0.0050000000384504105,3.163584912810835e-11,3.169107629091796e-06
147.44744744744744,2.439024390243612e-14,5.560105552789477e-12,4.024457351136847e-25,0.005000000035441111,3.1635849127765854e-11,3.1596050646225357e-06
147.74774774774775,2.439024390243612e-14,5.560105552799665e-12,4.0244573512561498e-25,0.005000000032520837,3.163584912743384e-11,3.150130993578565e-06
148.04804804804806,2.4390243902436127e-14,5.560105552809552e-12,4.024457351371924e-25,0.005000000029686952,3.163584912711239e-11,3.140685330522322e-06
148.34834834834834,2.439024390243613e-14,5.560105552819146e-12,4.024457351484273e-25,0.005000000026936905,3.163584912680068e-11,3.13126799027265e-06
148.64864864864865,2.439024390243613e-14,5.560105552828458e-12,4.0244573515932985e-25,0.005000000024268216,3.163584912649844e-11,3.1218788879036087e-06
148.94894894894895,2.4390243902436127e-14,5.560105552837492e-12,4.0244573516990976e-25,0.005000000021678474,3.1635849126205216e-11,3.1125179387438786e-06
149.24924924924926,2.4390243902436127e-14,5.560105552846259e-12,4.024457351801767e-25,0.005000000019165346,3.163584912592072e-11,3.103185058376143e-06
149.54954954954954,2.4390243902436123e-14,5.560105552854767e-12,4.024457351901399e-25,0.0050000000167265655,3.163584912564483e-11,3.093880162636262e-06
149.84984984984985,2.4390243902436123e-14,5.560105552863024e-12,4.0244573519980837e-25,0.005000000014359934,3.1635849125376846e-11,3.084603167612263e-06
150.15015015015015,2.439024390243613e-14,5.5601055528710366e-12,4.024457352091909e-25,0.005000000012063313,3.1635849125116336e-11,3.075353989643853e-06
150.45045045045046,2.4390243902436133e-14,5.5601055528788116e-12,4.0244573521829577e-25,0.005000000009834637,3.163584912486354e-11,3.066132545321807e-06
150.75075075075074,2.439024390243613e-14,5.560105552886357e-12,4.0244573522713136e-25,0.005000000007671893,3.163584912461804e-11,3.0569387514867098e-06
151.05105105105105,2.4390243902436127e-14,5.56010555289368e-12,4.0244573523570553e-25,0.005000000005573129,3.1635849124379725e-11,3.047772525228551e-06
151.35135135135135,2.4390243902436123e-14,5.560105552900786e-12,4.024457352440261e-25,0.005000000003536456,3.163584912414828e-11,3.038633783886144e-06
151.65165165165166,2.4390243902436127e-14,5.5601055529076805e-12,4.0244573525210037e-25,0.005000000001560034,3.163584912392366e-11,3.029522445045961e-06
151.95195195195194,2.4390243902436127e-14,5.5601055529143714e-12,4.0244573525993578e-25,0.004999999999642081,3.1635849123705877e-11,3.0204384265415668e-06
152.25225225225225,2.4390243902436127e-14,5.560105552920865e-12,4.0244573526753953e-25,0.004999999997780866,3.1635849123494706e-11,3.011381646453013e-06
152.55255255255256,2.4390243902436127e-14,5.560105552927166e-12,4.0244573527491823e-25,0.0049999999959747165,3.163584912328979e-11,3.002352023106037e-06
152.85285285285286,2.4390243902436127e-14,5.56010555293328e-12,4.0244573528207865e-25,0.004999999994221997,3.163584912309105e-11,2.993349475071088e-06
153.15315315315314,2.4390243902436123e-14,5.560105552939214e-12,4.024457352890273e-25,0.004999999992521129,3.163584912289828e-11,2.984373921162846e-06
153.45345345345345,2.4390243902436127e-14,5.560105552944974e-12,4.024457352957704e-25,0.004999999990870581,3.163584912271133e-11,2.9754252804396297e-06
153.75375375375376,2.4390243902436127e-14,5.560105552950562e-12,4.0244573530231396e-25,0.00499999998926886,3.16358491225299e-11,2.9665034722021806e-06
154.05405405405406,2.4390243902436127e-14,5.560105552955985e-12,4.02445735308664e-25,0.004999999987714521,3.1635849122353695e-11,2.9576084159932656e-06
154.35435435435437,2.439024390243613e-14,5.560105552961247e-12,4.024457353148261e-25,0.004999999986206169,3.163584912218273e-11,2.9487400315971174e-06
154.65465465465465,2.4390243902436127e-14,5.560105552966353e-12,4.0244573532080586e-25,0.004999999984742439,3.163584912201677e-11,2.939898239038293e-06
154.95495495495496,2.4390243902436127e-14,5.560105552971309e-12,4.024457353266088e-25,0.0049999999833220095,3.163584912185562e-11,2.931082958581138e-06
155.25525525525526,2.4390243902436127e-14,5.5601055529761176e-12,4.0244573533224007e-25,0.004999999981943603,3.1635849121699175e-11,2.922294110729194e-06
155.55555555555557,2.4390243902436127e-14,5.560105552980784e-12,4.0244573533770474e-25,0.004999999980605975,3.1635849121547304e-11,2.913531616224416e-06
155.85585585585585,2.4390243902436123e-14,5.5601055529853135e-12,4.024457353430078e-25,0.0049999999793079175,3.163584912139993e-11,2.9047953960462323e-06
156.15615615615616,2.4390243902436123e-14,5.560105552989707e-12,4.0244573534815383e-25,0.00499999997804826,3.1635849121256995e-11,2.8960853714110796e-06
156.45645645645646,2.4390243902436127e-14,5.560105552993972e-12,4.0244573535314775e-25,0.00499999997682587,3.163584912111824e-11,2.8874014637718223e-06
156.75675675675677,2.4390243902436123e-14,5.560105552998111e-12,4.024457353579939e-25,0.004999999975639641,3.1635849120983625e-11,2.878743594816578e-06
157.05705705705705,2.4390243902436127e-14,5.560105553002126e-12,4.024457353626966e-25,0.004999999974488505,3.163584912085308e-11,2.870111686468327e-06
157.35735735735736,2.4390243902436127e-14,5.560105553006024e-12,4.024457353672603e-25,0.004999999973371426,3.1635849120726424e-11,2.861505660884378e-06
157.65765765765767,2.439024390243613e-14,5.560105553009805e-12,4.0244573537168888e-25,0.004999999972287393,3.1635849120603536e-11,2.852925440455246e-06
157.95795795795797,2.4390243902436127e-14,5.560105553013476e-12,4.0244573537598655e-25,0.004999999971235428,3.163584912048428e-11,2.844370947804145e-06
158.25825825825825,2.4390243902436123e-14,5.560105553017037e-12,4.0244573538015707e-25,0.004999999970214585,3.163584912036855e-11,2.835842105786414e-06
158.55855855855856,2.4390243902436127e-14,5.560105553020494e-12,4.024457353842042e-25,0.0049999999692239405,3.163584912025625e-11,2.8273388374887403e-06
158.85885885885887,2.4390243902436123e-14,5.560105553023847e-12,4.0244573538813156e-25,0.004999999968262604,3.163584912014724e-11,2.818861066228269e-06
159.15915915915917,2.4390243902436127e-14,5.560105553027102e-12,4.024457353919428e-25,0.004999999967329707,3.163584912004141e-11,2.8104087155521395e-06
159.45945945945945,2.4390243902436123e-14,5.560105553030261e-12,4.0244573539564127e-25,0.00499999996642441,3.163584911993871e-11,2.8019817092369232e-06
159.75975975975976,2.4390243902436123e-14,5.5601055530333255e-12,4.0244573539923025e-25,0.004999999965545894,3.163584911983903e-11,2.793579971287484e-06
160.06006006006007,2.4390243902436123e-14,5.560105553036299e-12,4.02445735402713e-25,0.004999999964693367,3.163584911974229e-11,2.7852034259366038e-06
160.36036036036037,2.439024390243612e-14,5.5601055530391844e-12,4.024457354060928e-25,0.004999999963866061,3.163584911964841e-11,2.776851997644461e-06
160.66066066066065,2.4390243902436123e-14,5.560105553041985e-12,4.0244573540937265e-25,0.00499999996306323,3.1635849119557294e-11,2.768525611097537e-06
160.96096096096096,2.4390243902436123e-14,5.560105553044704e-12,4.024457354125555e-25,0.004999999962284149,3.163584911946891e-11,2.7602241912081287e-06
161.26126126126127,2.4390243902436123e-14,5.5601055530473415e-12,4.0244573541564415e-25,0.004999999961528117,3.163584911938315e-11,2.751947663113797e-06
161.56156156156158,2.4390243902436127e-14,5.560105553049902e-12,4.024457354186415e-25,0.004999999960794451,3.1635849119299944e-11,2.743695952176599e-06
161.86186186186185,2.4390243902436127e-14,5.560105553052386e-12,4.0244573542155013e-25,0.004999999960082488,3.1635849119219204e-11,2.7354689839822356e-06
162.16216216216216,2.439024390243613e-14,5.560105553054797e-12,4.0244573542437265e-25,0.004999999959391589,3.163584911914086e-11,2.7272666843396e-06
162.46246246246247,2.4390243902436127e-14,5.560105553057135e-12,4.0244573542711174e-25,0.004999999958721128,3.1635849119064844e-11,2.7190889792802238e-06
162.76276276276278,2.4390243902436127e-14,5.560105553059405e-12,4.0244573542976973e-25,0.004999999958070503,3.163584911899107e-11,2.7109357950571846e-06
163.06306306306305,2.4390243902436123e-14,5.560105553061608e-12,4.024457354323491e-25,0.004999999957439124,3.163584911891946e-11,2.7028070581447306e-06
163.36336336336336,2.4390243902436123e-14,5.560105553063746e-12,4.0244573543485223e-25,0.004999999956826424,3.163584911884997e-11,2.6947026952377837e-06
163.66366366366367,2.4390243902436123e-14,5.560105553065821e-12,4.024457354372813e-25,0.004999999956231851,3.163584911878253e-11,2.686622633250864e-06
163.96396396396398,2.4390243902436123e-14,5.560105553067834e-12,4.0244573543963847e-25,0.004999999955654867,3.163584911871707e-11,2.6785667993176403e-06
164.26426426426426,2.4390243902436123e-14,5.560105553069786e-12,4.0244573544192586e-25,0.004999999955094951,3.1635849118653554e-11,2.6705351207903732e-06
164.56456456456456,2.4390243902436123e-14,5.560105553071682e-12,4.0244573544414566e-25,0.004999999954551601,3.1635849118591904e-11,2.6625275252391773e-06
164.86486486486487,2.4390243902436123e-14,5.560105553073521e-12,4.024457354462997e-25,0.004999999954024324,3.163584911853208e-11,2.6545439404511974e-06
165.16516516516518,2.4390243902436127e-14,5.560105553075307e-12,4.0244573544839016e-25,0.004999999953512646,3.1635849118474037e-11,2.646584294430169e-06
165.46546546546546,2.4390243902436123e-14,5.5601055530770384e-12,4.0244573545041867e-25,0.004999999953016107,3.1635849118417704e-11,2.6386485153958786e-06
165.76576576576576,2.4390243902436127e-14,5.56010555307872e-12,4.0244573545238716e-25,0.004999999952534255,3.163584911836305e-11,2.6307365317831003e-06
166.06606606606607,2.4390243902436123e-14,5.560105553080351e-12,4.0244573545429743e-25,0.004999999952066659,3.1635849118310016e-11,2.622848272241241e-06
166.36636636636638,2.4390243902436123e-14,5.5601055530819345e-12,4.024457354561512e-25,0.004999999951612896,3.163584911825856e-11,2.614983665633854e-06
166.66666666666666,2.4390243902436123e-14,5.56010555308347e-12,4.0244573545795014e-25,0.004999999951172558,3.163584911820863e-11,2.60714264103759e-06
166.96696696696696,2.4390243902436123e-14,5.560105553084961e-12,4.0244573545969584e-25,0.004999999950745245,3.163584911816016e-11,2.599325127741763e-06
167.26726726726727,2.4390243902436127e-14,5.560105553086409e-12,4.0244573546139e-25,0.004999999950330574,3.163584911811312e-11,2.5915310552478213e-06
167.56756756756758,2.4390243902436123e-14,5.560105553087813e-12,4.0244573546303397e-25,0.004999999949928171,3.1635849118067484e-11,2.583760353268614e-06
167.86786786786786,2.4390243902436123e-14,5.560105553089175e-12,4.0244573546462925e-25,0.004999999949537671,3.16358491180232e-11,2.576012951727603e-06
168.16816816816817,2.4390243902436123e-14,5.560105553090497e-12,4.024457354661774e-25,0.004999999949158725,3.1635849117980216e-11,2.568288780758435e-06
168.46846846846847,2.4390243902436123e-14,5.56010555309178e-12,4.024457354676797e-25,0.004999999948790989,3.1635849117938495e-11,2.560587770704411e-06
168.76876876876878,2.4390243902436123e-14,5.560105553093025e-12,4.0244573546913754e-25,0.004999999948434132,3.1635849117898015e-11,2.552909852117465e-06
169.06906906906906,2.4390243902436123e-14,5.560105553094233e-12,4.0244573547055236e-25,0.004999999948087831,3.1635849117858724e-11,2.5452549557578105e-06
169.36936936936937,2.439024390243612e-14,5.560105553095405e-12,4.024457354719252e-25,0.004999999947751777,3.16358491178206e-11,2.5376230125934776e-06
169.66966966966967,2.4390243902436123e-14,5.5601055530965434e-12,4.0244573547325756e-25,0.004999999947425664,3.163584911778361e-11,2.5300139537992794e-06
169.96996996996998,2.439024390243612e-14,5.560105553097648e-12,4.024457354745504e-25,0.004999999947109197,3.163584911774772e-11,2.52242771075641e-06
170.27027027027026,2.4390243902436123e-14,5.560105553098718e-12,4.02445735475805e-25,0.004999999946802093,3.1635849117712895e-11,2.514864215051922e-06
170.57057057057057,2.4390243902436123e-14,5.5601055530997585e-12,4.0244573547702254e-25,0.004999999946504075,3.163584911767909e-11,2.507323398478008e-06
170.87087087087087,2.4390243902436123e-14,5.5601055531007666e-12,4.0244573547820396e-25,0.004999999946214874,3.163584911764629e-11,2.499805193031248e-06
171.17117117117118,2.4390243902436127e-14,5.5601055531017464e-12,4.0244573547935057e-25,0.0049999999459342265,3.1635849117614454e-11,2.492309530912189e-06
171.47147147147146,2.439024390243613e-14,5.560105553102696e-12,4.0244573548046315e-25,0.004999999945661884,3.1635849117583564e-11,2.4848363445248276e-06
171.77177177177177,2.4390243902436127e-14,5.560105553103618e-12,4.024457354815428e-25,0.004999999945397595,3.163584911755359e-11,2.47738556647562e-06
172.07207207207207,2.4390243902436123e-14,5.560105553104513e-12,4.024457354825906e-25,0.004999999945141127,3.16358491175245e-11,2.4699571295731443e-06
172.37237237237238,2.4390243902436123e-14,5.560105553105382e-12,4.0244573548360746e-25,0.004999999944892246,3.163584911749627e-11,2.462550966827648e-06
172.67267267267266,2.4390243902436123e-14,5.560105553106226e-12,4.024457354845942e-25,0.004999999944650727,3.163584911746887e-11,2.4551670114500384e-06
172.97297297297297,2.439024390243612e-14,5.560105553107042e-12,4.024457354855516e-25,0.004999999944416354,3.1635849117442284e-11,2.447805196851501e-06
173.27327327327328,2.4390243902436123e-14,5.560105553107835e-12,4.0244573548648068e-25,0.0049999999441889134,3.1635849117416486e-11,2.4404654566429927e-06
173.57357357357358,2.4390243902436123e-14,5.5601055531086054e-12,4.024457354873824e-25,0.004999999943968202,3.163584911739145e-11,2.4331477246345365e-06
173.8738738738739,2.4390243902436123e-14,5.560105553109352e-12,4.024457354882574e-25,0.00499999994375402,3.163584911736715e-11,2.4258519348345e-06
174.17417417417417,2.4390243902436123e-14,5.560105553110077e-12,4.0244573548910653e-25,0.004999999943546174,3.163584911734357e-11,2.4185780214491856e-06
174.47447447447448,2.4390243902436127e-14,5.560105553110781e-12,4.024457354899305e-25,0.004999999943344479,3.1635849117320695e-11,2.411325918882318e-06
174.77477477477478,2.4390243902436127e-14,5.560105553111464e-12,4.024457354907302e-25,0.004999999943148749,3.16358491172985e-11,2.4040955617341026e-06
175.0750750750751,2.4390243902436127e-14,5.5601055531121266e-12,4.024457354915061e-25,0.004999999942958809,3.163584911727695e-11,2.396886884800878e-06
175.37537537537537,2.4390243902436127e-14,5.56010555311277e-12,4.0244573549225915e-25,0.004999999942774489,3.163584911725606e-11,2.3896998230746965e-06
175.67567567567568,2.4390243902436127e-14,5.560105553113394e-12,4.0244573549298984e-25,0.004999999942595621,3.163584911723576e-11,2.38253431174232e-06
175.97597597597598,2.4390243902436123e-14,5.560105553113999e-12,4.0244573549369895e-25,0.004999999942422045,3.1635849117216076e-11,2.375390286184877e-06
176.2762762762763,2.4390243902436123e-14,5.560105553114587e-12,4.0244573549438716e-25,0.004999999942253602,3.1635849117196973e-11,2.3682676819773505e-06
176.57657657657657,2.4390243902436127e-14,5.5601055531151574e-12,4.0244573549505494e-25,0.004999999942090146,3.163584911717843e-11,2.3611664348879022e-06
176.87687687687688,2.4390243902436123e-14,5.560105553115711e-12,4.0244573549570293e-25,0.004999999941931522,3.163584911716044e-11,2.354086480877168e-06
177.17717717717719,2.4390243902436127e-14,5.560105553116248e-12,4.0244573549633182e-25,0.004999999941777592,3.163584911714298e-11,2.347027756097867e-06
177.4774774774775,2.439024390243613e-14,5.560105553116769e-12,4.0244573549694202e-25,0.004999999941628216,3.1635849117126036e-11,2.3399901968942987e-06
177.77777777777777,2.4390243902436127e-14,5.560105553117275e-12,4.0244573549753423e-25,0.00499999994148326,3.163584911710959e-11,2.33297373980143e-06
178.07807807807808,2.4390243902436123e-14,5.560105553117765e-12,4.024457354981089e-25,0.004999999941342591,3.1635849117093634e-11,2.3259783215445586e-06
178.3783783783784,2.4390243902436117e-14,5.560105553118241e-12,4.0244573549866656e-25,0.004999999941206083,3.1635849117078144e-11,2.319003879038907e-06
178.6786786786787,2.4390243902436117e-14,5.560105553118704e-12,4.0244573549920774e-25,0.0049999999410736155,3.163584911706312e-11,2.312050349388648e-06
178.97897897897897,2.4390243902436123e-14,5.560105553119152e-12,4.024457354997329e-25,0.004999999940945065,3.163584911704854e-11,2.305117669886566e-06
179.27927927927928,2.439024390243613e-14,5.560105553119587e-12,4.024457355002426e-25,0.004999999940820318,3.163584911703438e-11,2.2982057780135727e-06
179.5795795795796,2.439024390243613e-14,5.56010555312001e-12,4.024457355007371e-25,0.004999999940699261,3.163584911702066e-11,2.2913146114380356e-06
179.8798798798799,2.439024390243613e-14,5.560105553120419e-12,4.0244573550121706e-25,0.004999999940581787,3.1635849117007336e-11,2.2844441080151077e-06
180.18018018018017,2.4390243902436123e-14,5.560105553120817e-12,4.024457355016827e-25,0.004999999940467787,3.1635849116994405e-11,2.2775942057863427e-06
180.48048048048048,2.4390243902436127e-14,5.560105553121203e-12,4.0244573550213472e-25,0.004999999940357159,3.163584911698187e-11,2.2707648429792036e-06
180.7807807807808,2.4390243902436123e-14,5.560105553121578e-12,4.024457355025733e-25,0.004999999940249804,3.1635849116969686e-11,2.2639559580061803e-06
181.0810810810811,2.4390243902436127e-14,5.560105553121941e-12,4.0244573550299894e-25,0.004999999940145626,3.163584911695787e-11,2.2571674894644657e-06
181.38138138138137,2.4390243902436127e-14,5.560105553122294e-12,4.0244573550341193e-25,0.00499999994004453,3.163584911694641e-11,2.250399376135563e-06
181.68168168168168,2.4390243902436127e-14,5.560105553122636e-12,4.024457355038127e-25,0.0049999999399464225,3.163584911693528e-11,2.2436515569843224e-06
181.981981981982,2.4390243902436123e-14,5.560105553122969e-12,4.024457355042017e-25,0.004999999939851221,3.163584911692448e-11,2.236923971158637e-06
182.2822822822823,2.439024390243612e-14,5.560105553123292e-12,4.024457355045792e-25,0.004999999939758834,3.1635849116914e-11,2.230216557988961e-06
182.58258258258257,2.4390243902436123e-14,5.560105553123604e-12,4.0244573550494535e-25,0.004999999939669179,3.163584911690383e-11,2.223529256987655e-06
182.88288288288288,2.4390243902436123e-14,5.5601055531239074e-12,4.0244573550530085e-25,0.004999999939582178,3.163584911689396e-11,2.216862007848339e-06
183.1831831831832,2.4390243902436127e-14,5.560105553124202e-12,4.024457355056458e-25,0.004999999939497749,3.163584911688439e-11,2.2102147504455228e-06
183.4834834834835,2.4390243902436127e-14,5.5601055531244874e-12,4.0244573550598043e-25,0.00499999993941582,3.163584911687509e-11,2.2035874248341242e-06
183.78378378378378,2.4390243902436127e-14,5.5601055531247645e-12,4.0244573550630525e-25,0.004999999939336313,3.163584911686607e-11,2.196979971248614e-06
184.08408408408408,2.4390243902436127e-14,5.560105553125034e-12,4.0244573550662048e-25,0.004999999939259159,3.163584911685732e-11,2.1903923301027004e-06
184.3843843843844,2.4390243902436127e-14,5.560105553125295e-12,4.0244573550692633e-25,0.004999999939184287,3.163584911684883e-11,2.1838244419889527e-06
184.6846846846847,2.4390243902436127e-14,5.560105553125549e-12,4.024457355072232e-25,0.00499999993911163,3.163584911684059e-11,2.1772762476778587e-06
184.98498498498498,2.4390243902436127e-14,5.560105553125794e-12,4.024457355075111e-25,0.004999999939041123,3.163584911683259e-11,2.170747688117538e-06
185.28528528528528,2.4390243902436127e-14,5.560105553126033e-12,4.024457355077907e-25,0.004999999938972701,3.1635849116824826e-11,2.1642387044332694e-06
185.5855855855856,2.4390243902436123e-14,5.5601055531262646e-12,4.0244573550806197e-25,0.004999999938906303,3.163584911681729e-11,2.157749237926854e-06
185.8858858858859,2.4390243902436123e-14,5.560105553126489e-12,4.0244573550832517e-25,0.0049999999388418695,3.163584911680999e-11,2.151279230075993e-06
186.18618618618618,2.4390243902436123e-14,5.560105553126708e-12,4.0244573550858066e-25,0.004999999938779343,3.163584911680289e-11,2.144828622533928e-06
186.48648648648648,2.4390243902436123e-14,5.56010555312692e-12,4.0244573550882857e-25,0.004999999938718665,3.1635849116796004e-11,2.138397357128964e-06
186.7867867867868,2.439024390243612e-14,5.560105553127125e-12,4.0244573550906904e-25,0.004999999938659784,3.163584911678933e-11,2.1319853758636535e-06
187.0870870870871,2.4390243902436123e-14,5.5601055531273244e-12,4.0244573550930258e-25,0.004999999938602644,3.1635849116782847e-11,2.1255926209144825e-06
187.38738738738738,2.4390243902436127e-14,5.5601055531275175e-12,4.02445735509529e-25,0.004999999938547195,3.1635849116776565e-11,2.11921903463151e-06
187.68768768768768,2.4390243902436127e-14,5.560105553127705e-12,4.0244573550974885e-25,0.004999999938493384,3.163584911677046e-11,2.112864559537441e-06
187.987987987988,2.4390243902436127e-14,5.5601055531278874e-12,4.024457355099622e-25,0.004999999938441167,3.163584911676454e-11,2.106529138327364e-06
188.2882882882883,2.4390243902436127e-14,5.560105553128064e-12,4.024457355101692e-25,0.004999999938390494,3.1635849116758794e-11,2.100212713868287e-06
188.58858858858858,2.4390243902436127e-14,5.560105553128236e-12,4.0244573551037007e-25,0.00499999993834132,3.1635849116753217e-11,2.0939152291985132e-06
188.88888888888889,2.4390243902436123e-14,5.560105553128403e-12,4.024457355105651e-25,0.004999999938293601,3.16358491167478e-11,2.0876366275270456e-06
189.1891891891892,2.4390243902436123e-14,5.560105553128564e-12,4.024457355107542e-25,0.004999999938247295,3.163584911674254e-11,2.0813768522332343e-06
189.4894894894895,2.4390243902436123e-14,5.56010555312872e-12,4.0244573551093775e-25,0.0049999999382023584,3.1635849116737455e-11,2.0751358468663115e-06
189.78978978978978,2.439024390243612e-14,5.560105553128873e-12,4.0244573551111596e-25,0.00499999993815875,3.16358491167325e-11,2.068913555144604e-06
190.0900900900901,2.4390243902436123e-14,5.560105553129021e-12,4.024457355112889e-25,0.004999999938116432,3.1635849116727703e-11,2.062709920955225e-06
190.3903903903904,2.4390243902436127e-14,5.560105553129164e-12,4.0244573551145662e-25,0.004999999938075366,3.163584911672304e-11,2.0565248883537296e-06
190.6906906906907,2.4390243902436123e-14,5.560105553129303e-12,4.024457355116194e-25,0.0049999999380355145,3.163584911671852e-11,2.050358401563206e-06
190.99099099099098,2.4390243902436123e-14,5.560105553129438e-12,4.0244573551177745e-25,0.004999999937996843,3.163584911671413e-11,2.0442104049740285e-06
191.2912912912913,2.4390243902436127e-14,5.560105553129569e-12,4.0244573551193077e-25,0.004999999937959316,3.1635849116709874e-11,2.0380808431434087e-06
191.5915915915916,2.4390243902436123e-14,5.560105553129698e-12,4.0244573551207964e-25,0.004999999937922897,3.1635849116705744e-11,2.031969660794778e-06
191.8918918918919,2.4390243902436123e-14,5.5601055531298205e-12,4.0244573551222396e-25,0.004999999937887557,3.163584911670174e-11,2.0258768028172245e-06
192.19219219219218,2.4390243902436127e-14,5.560105553129939e-12,4.02445735512364e-25,0.004999999937853262,3.163584911669784e-11,2.0198022142651407e-06
192.4924924924925,2.4390243902436127e-14,5.5601055531300556e-12,4.024457355125e-25,0.004999999937819983,3.163584911669407e-11,2.0137458403577763e-06
192.7927927927928,2.4390243902436127e-14,5.560105553130168e-12,4.0244573551263193e-25,0.004999999937787686,3.16358491166904e-11,2.0077076264784726e-06
193.0930930930931,2.439024390243612e-14,5.560105553130278e-12,4.0244573551276e-25,0.004999999937756346,3.163584911668685e-11,2.001687518174366e-06
193.3933933933934,2.4390243902436123e-14,5.5601055531303835e-12,4.024457355128842e-25,0.004999999937725933,3.1635849116683404e-11,1.9956854611560488e-06
193.6936936936937,2.4390243902436123e-14,5.560105553130486e-12,4.0244573551300474e-25,0.004999999937696419,3.1635849116680056e-11,1.9897014012966916e-06
193.993993993994,2.4390243902436123e-14,5.560105553130586e-12,4.0244573551312183e-25,0.004999999937667779,3.163584911667681e-11,1.9837352846318017e-06
194.2942942942943,2.4390243902436127e-14,5.5601055531306824e-12,4.0244573551323525e-25,0.004999999937639986,3.163584911667366e-11,1.9777870573587908e-06
194.5945945945946,2.4390243902436127e-14,5.560105553130776e-12,4.024457355133454e-25,0.004999999937613015,3.16358491166706e-11,1.9718566658363683e-06
194.8948948948949,2.4390243902436127e-14,5.560105553130867e-12,4.0244573551345235e-25,0.004999999937586842,3.163584911666763e-11,1.9659440565840015e-06
195.1951951951952,2.4390243902436123e-14,5.560105553130957e-12,4.0244573551355617e-25,0.004999999937561443,3.163584911666474e-11,1.9600491762815753e-06
195.4954954954955,2.4390243902436127e-14,5.560105553131043e-12,4.024457355136568e-25,0.004999999937536796,3.163584911666194e-11,1.954171971768949e-06
195.7957957957958,2.4390243902436123e-14,5.560105553131127e-12,4.0244573551375462e-25,0.004999999937512878,3.1635849116659235e-11,1.9483123900452217e-06
196.0960960960961,2.439024390243612e-14,5.560105553131207e-12,4.0244573551384935e-25,0.004999999937489666,3.163584911665661e-11,1.942470378268444e-06
196.3963963963964,2.439024390243612e-14,5.560105553131286e-12,4.024457355139414e-25,0.004999999937467143,3.163584911665406e-11,1.936645883755283e-06
196.6966966966967,2.4390243902436123e-14,5.5601055531313626e-12,4.0244573551403073e-25,0.004999999937445284,3.163584911665157e-11,1.930838853980176e-06
196.996996996997,2.4390243902436123e-14,5.560105553131436e-12,4.0244573551411737e-25,0.004999999937424074,3.163584911664917e-11,1.9250492365750965e-06
197.2972972972973,2.439024390243613e-14,5.560105553131509e-12,4.0244573551420154e-25,0.004999999937403491,3.163584911664683e-11,1.919276979329131e-06
197.5975975975976,2.4390243902436127e-14,5.560105553131578e-12,4.024457355142831e-25,0.004999999937383517,3.163584911664456e-11,1.91352203018789e-06
197.8978978978979,2.4390243902436127e-14,5.560105553131645e-12,4.0244573551436225e-25,0.004999999937364134,3.163584911664236e-11,1.907784337252988e-06
198.1981981981982,2.4390243902436127e-14,5.560105553131711e-12,4.0244573551443907e-25,0.0049999999373453235,3.1635849116640235e-11,1.9020638487817116e-06
198.4984984984985,2.4390243902436127e-14,5.560105553131774e-12,4.024457355145136e-25,0.004999999937327069,3.163584911663816e-11,1.8963605131865912e-06
198.7987987987988,2.4390243902436127e-14,5.560105553131836e-12,4.0244573551458596e-25,0.004999999937309357,3.163584911663615e-11,1.890674279034681e-06
199.0990990990991,2.4390243902436127e-14,5.560105553131896e-12,4.0244573551465617e-25,0.004999999937292166,3.163584911663421e-11,1.885005095047288e-06
199.3993993993994,2.4390243902436127e-14,5.560105553131954e-12,4.024457355147244e-25,0.004999999937275485,3.1635849116632326e-11,1.8793529100996424e-06
199.6996996996997,2.4390243902436127e-14,5.5601055531320104e-12,4.0244573551479053e-25,0.004999999937259297,3.1635849116630484e-11,1.873717673220078e-06
200.0,2.4390243902436123e-14,5.560105553132065e-12,4.0244573551485468e-25,0.004999999937243589,3.16358491166287e-11,1.8680993335898007e-06
200.3003003003003,2.4390243902436123e-14,5.560105553132119e-12,4.02445735514917e-25,0.004999999937228345,3.1635849116626975e-11,1.8624978405424888e-06
200.60060060060061,2.439024390243612e-14,5.56010555313217e-12,4.0244573551497737e-25,0.004999999937213551,3.1635849116625295e-11,1.8569131435637052e-06
200.9009009009009,2.439024390243612e-14,5.5601055531322204e-12,4.0244573551503605e-25,0.0049999999371991965,3.163584911662366e-11,1.8513451922904084e-06
201.2012012012012,2.4390243902436123e-14,5.560105553132269e-12,4.0244573551509294e-25,0.004999999937185267,3.163584911662209e-11,1.8457939365106215e-06
201.5015015015015,2.4390243902436127e-14,5.560105553132316e-12,4.024457355151482e-25,0.004999999937171746,3.163584911662055e-11,1.8402593261630158e-06
201.80180180180182,2.4390243902436127e-14,5.560105553132362e-12,4.0244573551520177e-25,0.004999999937158629,3.163584911661906e-11,1.8347413113362194e-06
202.1021021021021,2.439024390243612e-14,5.560105553132406e-12,4.024457355152538e-25,0.004999999937145899,3.163584911661761e-11,1.8292398422685487e-06
202.4024024024024,2.439024390243612e-14,5.560105553132449e-12,4.024457355153042e-25,0.004999999937133545,3.1635849116616215e-11,1.823754869347688e-06
202.7027027027027,2.439024390243612e-14,5.560105553132491e-12,4.024457355153532e-25,0.0049999999371215555,3.163584911661485e-11,1.8182863431098965e-06
203.00300300300302,2.4390243902436123e-14,5.560105553132532e-12,4.0244573551540078e-25,0.0049999999371099215,3.163584911661353e-11,1.812834214239784e-06
203.3033033033033,2.439024390243613e-14,5.560105553132573e-12,4.02445735515447e-25,0.004999999937098633,3.163584911661225e-11,1.8073984335699233e-06
203.6036036036036,2.4390243902436127e-14,5.560105553132611e-12,4.0244573551549174e-25,0.004999999937087677,3.1635849116611006e-11,1.8019789520802737e-06
203.9039039039039,2.4390243902436127e-14,5.560105553132648e-12,4.0244573551553513e-25,0.004999999937077044,3.1635849116609804e-11,1.7965757208977146e-06
204.20420420420422,2.4390243902436127e-14,5.5601055531326825e-12,4.0244573551557724e-25,0.004999999937066728,3.1635849116608635e-11,1.7911886912957223e-06
204.5045045045045,2.4390243902436127e-14,5.560105553132717e-12,4.0244573551561806e-25,0.004999999937056716,3.1635849116607504e-11,1.7858178146939624e-06
204.8048048048048,2.4390243902436127e-14,5.560105553132752e-12,4.0244573551565787e-25,0.0049999999370470005,3.16358491166064e-11,1.7804630426576198e-06
205.1051051051051,2.4390243902436123e-14,5.5601055531327835e-12,4.024457355156963e-25,0.004999999937037572,3.163584911660532e-11,1.7751243268971425e-06
205.40540540540542,2.439024390243612e-14,5.5601055531328166e-12,4.0244573551573377e-25,0.0049999999370284225,3.163584911660429e-11,1.7698016192679263e-06
205.7057057057057,2.4390243902436123e-14,5.560105553132847e-12,4.0244573551577005e-25,0.004999999937019544,3.1635849116603284e-11,1.7644948717695457e-06
206.006006006006,2.439024390243612e-14,5.560105553132877e-12,4.0244573551580517e-25,0.004999999937010928,3.16358491166023e-11,1.7592040365455373e-06
206.3063063063063,2.4390243902436123e-14,5.5601055531329055e-12,4.024457355158393e-25,0.004999999937002567,3.163584911660136e-11,1.753929065883025e-06
206.60660660660662,2.4390243902436123e-14,5.5601055531329345e-12,4.0244573551587244e-25,0.004999999936994454,3.1635849116600434e-11,1.7486699122121572e-06
206.9069069069069,2.4390243902436123e-14,5.560105553132962e-12,4.0244573551590468e-25,0.00499999993698658,3.163584911659955e-11,1.7434265281056561e-06
207.2072072072072,2.4390243902436123e-14,5.5601055531329895e-12,4.0244573551593595e-25,0.0049999999369789395,3.163584911659867e-11,1.7381988662785064e-06
207.5075075075075,2.439024390243613e-14,5.560105553133016e-12,4.0244573551596625e-25,0.0049999999369715244,3.163584911659783e-11,1.7329868795875513e-06
207.80780780780782,2.4390243902436127e-14,5.56010555313304e-12,4.024457355159956e-25,0.004999999936964329,3.1635849116597015e-11,1.727790521030856e-06
208.1081081081081,2.4390243902436127e-14,5.5601055531330646e-12,4.024457355160241e-25,0.0049999999369573465,3.163584911659623e-11,1.7226097437474474e-06
208.4084084084084,2.439024390243612e-14,5.560105553133088e-12,4.024457355160518e-25,0.00499999993695057,3.163584911659545e-11,1.7174445010170108e-06
208.7087087087087,2.4390243902436123e-14,5.560105553133111e-12,4.024457355160786e-25,0.004999999936943994,3.1635849116594715e-11,1.7122947462591462e-06
209.00900900900902,2.4390243902436127e-14,5.5601055531331324e-12,4.0244573551610465e-25,0.004999999936937613,3.1635849116593984e-11,1.7071604330331585e-06
209.3093093093093,2.4390243902436133e-14,5.560105553133154e-12,4.0244573551613e-25,0.00499999993693142,3.163584911659329e-11,1.702041515037692e-06
209.6096096096096,2.4390243902436127e-14,5.560105553133175e-12,4.0244573551615456e-25,0.004999999936925412,3.163584911659261e-11,1.6969379461101797e-06
209.9099099099099,2.439024390243613e-14,5.560105553133196e-12,4.024457355161784e-25,0.00499999993691958,3.163584911659194e-11,1.6918496802264147e-06
210.21021021021022,2.4390243902436123e-14,5.560105553133215e-12,4.024457355162015e-25,0.00499999993691392,3.163584911659131e-11,1.6867766715002448e-06
210.5105105105105,2.4390243902436123e-14,5.560105553133235e-12,4.0244573551622394e-25,0.00499999993690843,3.163584911659068e-11,1.6817188741831774e-06
210.8108108108108,2.439024390243612e-14,5.560105553133254e-12,4.0244573551624566e-25,0.004999999936903102,3.1635849116590075e-11,1.6766762426637623e-06
211.11111111111111,2.439024390243612e-14,5.560105553133272e-12,4.0244573551626688e-25,0.00499999993689793,3.163584911658949e-11,1.6716487314673452e-06
211.41141141141142,2.4390243902436123e-14,5.56010555313329e-12,4.0244573551628736e-25,0.004999999936892911,3.1635849116588924e-11,1.6666362952557666e-06
211.71171171171173,2.439024390243612e-14,5.560105553133307e-12,4.024457355163073e-25,0.004999999936888042,3.163584911658837e-11,1.6616388888266429e-06
212.012012012012,2.4390243902436123e-14,5.560105553133323e-12,4.0244573551632657e-25,0.0049999999368833155,3.163584911658783e-11,1.6566564671131614e-06
212.31231231231232,2.439024390243613e-14,5.560105553133339e-12,4.024457355163453e-25,0.00499999993687873,3.163584911658731e-11,1.651688985183729e-06
212.61261261261262,2.4390243902436127e-14,5.560105553133354e-12,4.0244573551636344e-25,0.004999999936874279,3.16358491165868e-11,1.6467363982414327e-06
212.91291291291293,2.439024390243613e-14,5.560105553133369e-12,4.024457355163811e-25,0.004999999936869961,3.163584911658631e-11,1.6417986616236284e-06
213.2132132132132,2.439024390243613e-14,5.5601055531333845e-12,4.0244573551639825e-25,0.004999999936865769,3.1635849116585835e-11,1.6368757308016428e-06
213.51351351351352,2.4390243902436127e-14,5.560105553133399e-12,4.0244573551641487e-25,0.0049999999368617026,3.1635849116585377e-11,1.6319675613803862e-06
213.81381381381382,2.4390243902436123e-14,5.560105553133413e-12,4.0244573551643103e-25,0.004999999936857756,3.163584911658493e-11,1.627074109097762e-06
214.11411411411413,2.4390243902436123e-14,5.560105553133427e-12,4.024457355164468e-25,0.004999999936853926,3.16358491165845e-11,1.6221953298244193e-06
214.4144144144144,2.439024390243612e-14,5.5601055531334394e-12,4.024457355164619e-25,0.00499999993685021,3.163584911658407e-11,1.6173311795634655e-06
214.71471471471472,2.4390243902436123e-14,5.5601055531334515e-12,4.024457355164766e-25,0.004999999936846603,3.1635849116583664e-11,1.6124816144497658e-06
215.01501501501502,2.4390243902436123e-14,5.560105553133464e-12,4.0244573551649086e-25,0.004999999936843104,3.163584911658327e-11,1.6076465907497464e-06
215.31531531531533,2.4390243902436123e-14,5.560105553133475e-12,4.024457355165047e-25,0.004999999936839707,3.163584911658288e-11,1.6028260648610548e-06
215.6156156156156,2.4390243902436123e-14,5.560105553133487e-12,4.0244573551651823e-25,0.004999999936836411,3.163584911658251e-11,1.5980199933120308e-06
215.91591591591592,2.4390243902436127e-14,5.5601055531334976e-12,4.0244573551653122e-25,0.004999999936833213,3.1635849116582145e-11,1.5932283327613114e-06
216.21621621621622,2.4390243902436127e-14,5.560105553133508e-12,4.0244573551654394e-25,0.004999999936830109,3.16358491165818e-11,1.5884510399975442e-06
216.51651651651653,2.4390243902436123e-14,5.5601055531335186e-12,4.024457355165562e-25,0.004999999936827097,3.1635849116581454e-11,1.5836880719390055e-06
216.8168168168168,2.4390243902436127e-14,5.560105553133529e-12,4.0244573551656814e-25,0.004999999936824174,3.163584911658113e-11,1.5789393856330312e-06
217.11711711711712,2.4390243902436127e-14,5.560105553133539e-12,4.024457355165797e-25,0.004999999936821338,3.1635849116580814e-11,1.5742049382557764e-06
217.41741741741743,2.4390243902436123e-14,5.5601055531335485e-12,4.02445735516591e-25,0.004999999936818586,3.16358491165805e-11,1.5694846871119341e-06
217.71771771771773,2.4390243902436123e-14,5.560105553133558e-12,4.0244573551660194e-25,0.004999999936815915,3.1635849116580194e-11,1.5647785896340596e-06
218.018018018018,2.4390243902436123e-14,5.560105553133567e-12,4.024457355166125e-25,0.004999999936813324,3.16358491165799e-11,1.5600866033823756e-06
218.31831831831832,2.4390243902436123e-14,5.560105553133576e-12,4.024457355166228e-25,0.004999999936810808,3.163584911657961e-11,1.555408686044446e-06
218.61861861861863,2.4390243902436123e-14,5.560105553133585e-12,4.024457355166328e-25,0.0049999999368083685,3.163584911657934e-11,1.5507447954346562e-06
218.91891891891893,2.4390243902436123e-14,5.560105553133592e-12,4.024457355166424e-25,0.004999999936805999,3.163584911657907e-11,1.546094889493839e-06
219.2192192192192,2.439024390243612e-14,5.560105553133599e-12,4.024457355166517e-25,0.0049999999368037,3.163584911657881e-11,1.5414589262889906e-06
219.51951951951952,2.4390243902436123e-14,5.560105553133608e-12,4.0244573551666094e-25,0.0049999999368014695,3.163584911657856e-11,1.5368368640128977e-06
219.81981981981983,2.4390243902436123e-14,5.5601055531336155e-12,4.0244573551666976e-25,0.0049999999367993046,3.163584911657831e-11,1.5322286609835926e-06
220.12012012012013,2.4390243902436123e-14,5.5601055531336236e-12,4.024457355166784e-25,0.004999999936797204,3.1635849116578074e-11,1.5276342756441143e-06
220.4204204204204,2.4390243902436123e-14,5.560105553133631e-12,4.0244573551668675e-25,0.004999999936795166,3.163584911657784e-11,1.5230536665622375e-06
220.72072072072072,2.4390243902436127e-14,5.560105553133637e-12,4.024457355166948e-25,0.004999999936793188,3.1635849116577615e-11,1.5184867924298145e-06
221.02102102102103,2.4390243902436123e-14,5.560105553133644e-12,4.0244573551670264e-25,0.0049999999367912685,3.1635849116577396e-11,1.5139336120625891e-06
221.32132132132134,2.4390243902436123e-14,5.56010555313365e-12,4.024457355167102e-25,0.004999999936789405,3.163584911657718e-11,1.5093940843998837e-06
221.6216216216216,2.4390243902436123e-14,5.560105553133656e-12,4.024457355167175e-25,0.004999999936787598,3.163584911657697e-11,1.5048681685040834e-06
221.92192192192192,2.4390243902436123e-14,5.560105553133662e-12,4.024457355167247e-25,0.004999999936785843,3.1635849116576775e-11,1.5003558235602827e-06
222.22222222222223,2.4390243902436127e-14,5.560105553133669e-12,4.024457355167317e-25,0.0049999999367841405,3.1635849116576594e-11,1.4958570088760085e-06
222.52252252252254,2.439024390243613e-14,5.560105553133674e-12,4.024457355167384e-25,0.004999999936782489,3.16358491165764e-11,1.491371683880856e-06
222.82282282282281,2.4390243902436127e-14,5.560105553133679e-12,4.02445735516745e-25,0.004999999936780886,3.163584911657621e-11,1.486899808125959e-06
223.12312312312312,2.4390243902436123e-14,5.560105553133685e-12,4.024457355167513e-25,0.004999999936779331,3.163584911657604e-11,1.4824413412837636e-06
223.42342342342343,2.439024390243612e-14,5.5601055531336914e-12,4.024457355167576e-25,0.004999999936777822,3.163584911657587e-11,1.4779962431477563e-06
223.72372372372374,2.439024390243612e-14,5.560105553133696e-12,4.0244573551676357e-25,0.004999999936776356,3.16358491165757e-11,1.4735644736318357e-06
224.02402402402402,2.4390243902436123e-14,5.560105553133701e-12,4.0244573551676935e-25,0.004999999936774934,3.1635849116575534e-11,1.4691459927701245e-06
224.32432432432432,2.4390243902436123e-14,5.560105553133705e-12,4.024457355167749e-25,0.004999999936773555,3.1635849116575386e-11,1.4647407607166674e-06
224.62462462462463,2.439024390243612e-14,5.56010555313371e-12,4.024457355167804e-25,0.004999999936772216,3.1635849116575224e-11,1.4603487377449313e-06
224.92492492492494,2.4390243902436123e-14,5.560105553133714e-12,4.024457355167857e-25,0.0049999999367709175,3.1635849116575076e-11,1.4559698842474631e-06
225.22522522522522,2.4390243902436123e-14,5.560105553133719e-12,4.024457355167909e-25,0.0049999999367696555,3.1635849116574933e-11,1.4516041607356225e-06
225.52552552552552,2.4390243902436127e-14,5.560105553133724e-12,4.024457355167959e-25,0.0049999999367684326,3.163584911657479e-11,1.4472515278392205e-06
225.82582582582583,2.4390243902436127e-14,5.560105553133728e-12,4.0244573551680076e-25,0.004999999936767245,3.1635849116574656e-11,1.4429119463060143e-06
226.12612612612614,2.4390243902436127e-14,5.560105553133731e-12,4.0244573551680535e-25,0.004999999936766094,3.163584911657453e-11,1.4385853770014866e-06
226.42642642642642,2.4390243902436127e-14,5.560105553133735e-12,4.0244573551680994e-25,0.004999999936764975,3.1635849116574404e-11,1.4342717809085768e-06
226.72672672672672,2.4390243902436127e-14,5.560105553133738e-12,4.0244573551681435e-25,0.00499999993676389,3.163584911657428e-11,1.4299711191270747e-06
227.02702702702703,2.4390243902436123e-14,5.560105553133742e-12,4.024457355168187e-25,0.004999999936762838,3.1635849116574164e-11,1.4256833528734368e-06
227.32732732732734,2.4390243902436123e-14,5.560105553133747e-12,4.0244573551682294e-25,0.0049999999367618154,3.163584911657405e-11,1.4214084434804982e-06
227.62762762762762,2.4390243902436123e-14,5.5601055531337504e-12,4.0244573551682703e-25,0.004999999936760824,3.163584911657394e-11,1.4171463523969774e-06
227.92792792792793,2.4390243902436123e-14,5.560105553133754e-12,4.024457355168309e-25,0.004999999936759862,3.163584911657383e-11,1.4128970411871532e-06
228.22822822822823,2.4390243902436123e-14,5.560105553133756e-12,4.024457355168347e-25,0.004999999936758928,3.1635849116573725e-11,1.4086604715306018e-06
228.52852852852854,2.439024390243612e-14,5.56010555313376e-12,4.0244573551683846e-25,0.0049999999367580225,3.163584911657362e-11,1.4044366052218464e-06
228.82882882882882,2.4390243902436123e-14,5.560105553133763e-12,4.0244573551684204e-25,0.004999999936757143,3.1635849116573525e-11,1.4002254041698684e-06
229.12912912912913,2.4390243902436127e-14,5.5601055531337666e-12,4.0244573551684553e-25,0.004999999936756289,3.163584911657342e-11,1.396026830397889e-06
229.42942942942943,2.4390243902436127e-14,5.56010555313377e-12,4.0244573551684893e-25,0.004999999936755461,3.163584911657333e-11,1.3918408460431134e-06
229.72972972972974,2.4390243902436127e-14,5.560105553133772e-12,4.0244573551685224e-25,0.004999999936754658,3.1635849116573234e-11,1.3876674133561406e-06
230.03003003003002,2.4390243902436127e-14,5.560105553133775e-12,4.0244573551685536e-25,0.004999999936753879,3.163584911657315e-11,1.3835064947007834e-06
230.33033033033033,2.4390243902436127e-14,5.560105553133777e-12,4.0244573551685843e-25,0.004999999936753122,3.163584911657306e-11,1.3793580525537935e-06
230.63063063063063,2.4390243902436127e-14,5.5601055531337795e-12,4.024457355168614e-25,0.004999999936752387,3.1635849116572975e-11,1.3752220495043721e-06
230.93093093093094,2.4390243902436123e-14,5.560105553133782e-12,4.0244573551686436e-25,0.004999999936751675,3.163584911657289e-11,1.3710984482538668e-06
231.23123123123125,2.439024390243612e-14,5.560105553133784e-12,4.0244573551686716e-25,0.004999999936750984,3.1635849116572814e-11,1.3669872116155112e-06
231.53153153153153,2.4390243902436123e-14,5.560105553133787e-12,4.024457355168699e-25,0.0049999999367503125,3.1635849116572736e-11,1.3628883025140832e-06
231.83183183183183,2.4390243902436123e-14,5.560105553133788e-12,4.0244573551687253e-25,0.004999999936749661,3.1635849116572665e-11,1.3588016839854333e-06
232.13213213213214,2.439024390243613e-14,5.560105553133791e-12,4.024457355168751e-25,0.00499999993674903,3.16358491165726e-11,1.3547273191762752e-06
232.43243243243245,2.439024390243613e-14,5.560105553133793e-12,4.0244573551687763e-25,0.0049999999367484164,3.163584911657253e-11,1.3506651713439301e-06
232.73273273273273,2.439024390243613e-14,5.5601055531337964e-12,4.0244573551688015e-25,0.0049999999367478214,3.1635849116572465e-11,1.3466152038557613e-06
233.03303303303304,2.4390243902436127e-14,5.560105553133798e-12,4.0244573551688254e-25,0.004999999936747244,3.16358491165724e-11,1.3425773801889953e-06
233.33333333333334,2.4390243902436127e-14,5.560105553133799e-12,4.0244573551688474e-25,0.0049999999367466835,3.163584911657234e-11,1.3385516639304584e-06
233.63363363363365,2.4390243902436123e-14,5.560105553133801e-12,4.0244573551688695e-25,0.00499999993674614,3.163584911657228e-11,1.3345380187760962e-06
233.93393393393393,2.4390243902436123e-14,5.560105553133803e-12,4.024457355168891e-25,0.004999999936745612,3.163584911657222e-11,1.3305364085306866e-06
234.23423423423424,2.4390243902436123e-14,5.560105553133805e-12,4.0244573551689127e-25,0.0049999999367451,3.163584911657216e-11,1.3265467971075816e-06
234.53453453453454,2.439024390243612e-14,5.560105553133806e-12,4.024457355168932e-25,0.004999999936744603,3.1635849116572096e-11,1.3225691485283768e-06
234.83483483483485,2.4390243902436123e-14,5.5601055531338086e-12,4.0244573551689526e-25,0.004999999936744121,3.163584911657204e-11,1.3186034269224567e-06
235.13513513513513,2.4390243902436127e-14,5.56010555313381e-12,4.0244573551689714e-25,0.004999999936743652,3.1635849116571987e-11,1.314649596526789e-06
235.43543543543544,2.4390243902436127e-14,5.560105553133813e-12,4.0244573551689907e-25,0.004999999936743198,3.1635849116571935e-11,1.3107076216856747e-06
235.73573573573574,2.4390243902436123e-14,5.5601055531338134e-12,4.0244573551690077e-25,0.004999999936742758,3.163584911657188e-11,1.3067774668502016e-06
236.03603603603605,2.439024390243612e-14,5.560105553133815e-12,4.0244573551690256e-25,0.00499999993674233,3.163584911657183e-11,1.3028590965780734e-06
236.33633633633633,2.4390243902436117e-14,5.560105553133814e-12,4.0244573551690408e-25,0.004999999936741915,3.1635849116571786e-11,1.2989524755333502e-06
236.63663663663664,2.4390243902436117e-14,5.560105553133817e-12,4.024457355169058e-25,0.004999999936741512,3.163584911657174e-11,1.2950575684859813e-06
236.93693693693695,2.439024390243612e-14,5.560105553133818e-12,4.0244573551690743e-25,0.004999999936741122,3.1635849116571696e-11,1.291174340311528e-06
237.23723723723725,2.4390243902436127e-14,5.56010555313382e-12,4.02445735516909e-25,0.004999999936740742,3.163584911657166e-11,1.2873027559909192e-06
237.53753753753753,2.439024390243613e-14,5.560105553133821e-12,4.0244573551691046e-25,0.004999999936740374,3.163584911657162e-11,1.2834427806101202e-06
237.83783783783784,2.439024390243613e-14,5.560105553133823e-12,4.02445735516912e-25,0.004999999936740017,3.163584911657158e-11,1.279594379359696e-06
238.13813813813815,2.4390243902436127e-14,5.560105553133825e-12,4.024457355169135e-25,0.004999999936739671,3.163584911657154e-11,1.275757517534615e-06
238.43843843843845,2.4390243902436123e-14,5.5601055531338255e-12,4.0244573551691478e-25,0.004999999936739334,3.163584911657151e-11,1.271932160534004e-06
238.73873873873873,2.4390243902436123e-14,5.560105553133827e-12,4.0244573551691615e-25,0.004999999936739008,3.163584911657147e-11,1.2681182738606144e-06
239.03903903903904,2.4390243902436123e-14,5.560105553133828e-12,4.0244573551691744e-25,0.004999999936738692,3.163584911657143e-11,1.2643158231206603e-06
239.33933933933935,2.4390243902436123e-14,5.560105553133829e-12,4.024457355169187e-25,0.004999999936738384,3.16358491165714e-11,1.2605247740235682e-06
239.63963963963965,2.4390243902436123e-14,5.5601055531338296e-12,4.0244573551691987e-25,0.004999999936738086,3.163584911657136e-11,1.2567450923815173e-06
239.93993993993993,2.4390243902436123e-14,5.56010555313383e-12,4.02445735516921e-25,0.0049999999367377965,3.163584911657132e-11,1.2529767441091788e-06
240.24024024024024,2.4390243902436127e-14,5.560105553133832e-12,4.0244573551692226e-25,0.0049999999367375154,3.163584911657129e-11,1.2492196952234712e-06
240.54054054054055,2.4390243902436127e-14,5.560105553133833e-12,4.0244573551692336e-25,0.004999999936737243,3.1635849116571256e-11,1.2454739118432415e-06
240.84084084084085,2.4390243902436127e-14,5.560105553133834e-12,4.024457355169244e-25,0.0049999999367369785,3.163584911657123e-11,1.2417393601888453e-06
241.14114114114113,2.4390243902436127e-14,5.560105553133835e-12,4.024457355169255e-25,0.004999999936736722,3.1635849116571205e-11,1.2380160065819513e-06
241.44144144144144,2.439024390243613e-14,5.560105553133835e-12,4.024457355169265e-25,0.004999999936736473,3.163584911657117e-11,1.2343038174453025e-06
241.74174174174175,2.4390243902436127e-14,5.560105553133837e-12,4.024457355169275e-25,0.00499999993673623,3.1635849116571147e-11,1.230602759302205e-06
242.04204204204206,2.4390243902436123e-14,5.560105553133837e-12,4.0244573551692837e-25,0.004999999936735996,3.163584911657112e-11,1.226912798776365e-06
242.34234234234233,2.439024390243612e-14,5.560105553133837e-12,4.0244573551692924e-25,0.004999999936735769,3.1635849116571095e-11,1.2232339025916497e-06
242.64264264264264,2.439024390243612e-14,5.560105553133838e-12,4.024457355169302e-25,0.004999999936735547,3.163584911657107e-11,1.2195660375716353e-06
242.94294294294295,2.439024390243612e-14,5.5601055531338385e-12,4.0244573551693108e-25,0.004999999936735333,3.163584911657105e-11,1.2159091706393588e-06
243.24324324324326,2.4390243902436123e-14,5.56010555313384e-12,4.0244573551693195e-25,0.004999999936735126,3.1635849116571024e-11,1.2122632688170842e-06
243.54354354354354,2.4390243902436127e-14,5.560105553133841e-12,4.024457355169328e-25,0.004999999936734924,3.1635849116571e-11,1.2086282992259833e-06
243.84384384384384,2.4390243902436123e-14,5.560105553133841e-12,4.024457355169336e-25,0.004999999936734728,3.163584911657098e-11,1.2050042290857355e-06
244.14414414414415,2.4390243902436123e-14,5.560105553133842e-12,4.024457355169344e-25,0.004999999936734538,3.163584911657095e-11,1.2013910257143363e-06
244.44444444444446,2.439024390243612e-14,5.560105553133842e-12,4.0244573551693507e-25,0.004999999936734353,3.1635849116570933e-11,1.1977886565278656e-06
244.74474474474474,2.439024390243612e-14,5.560105553133843e-12,4.0244573551693585e-25,0.004999999936734174,3.163584911657091e-11,1.194197089039991e-06
245.04504504504504,2.4390243902436123e-14,5.560105553133843e-12,4.0244573551693654e-25,0.004999999936734,3.163584911657089e-11,1.1906162908618083e-06
245.34534534534535,2.4390243902436123e-14,5.560105553133844e-12,4.0244573551693727e-25,0.004999999936733832,3.1635849116570875e-11,1.187046229701615e-06
245.64564564564566,2.4390243902436123e-14,5.560105553133845e-12,4.024457355169379e-25,0.004999999936733669,3.1635849116570856e-11,1.1834868733644636e-06
245.94594594594594,2.4390243902436123e-14,5.560105553133845e-12,4.0244573551693856e-25,0.00499999993673351,3.1635849116570836e-11,1.1799381897519288e-06
246.24624624624624,2.439024390243612e-14,5.560105553133846e-12,4.024457355169392e-25,0.0049999999367333564,3.1635849116570823e-11,1.1764001468618742e-06
246.54654654654655,2.4390243902436123e-14,5.560105553133846e-12,4.0244573551693975e-25,0.004999999936733206,3.1635849116570804e-11,1.1728727127881457e-06
246.84684684684686,2.4390243902436123e-14,5.560105553133847e-12,4.0244573551694044e-25,0.0049999999367330615,3.163584911657079e-11,1.1693558557201826e-06
247.14714714714714,2.4390243902436123e-14,5.560105553133847e-12,4.02445735516941e-25,0.004999999936732921,3.163584911657078e-11,1.1658495439428336e-06
247.44744744744744,2.4390243902436123e-14,5.560105553133848e-12,4.0244573551694155e-25,0.004999999936732783,3.1635849116570765e-11,1.162353745836127e-06
247.74774774774775,2.4390243902436123e-14,5.560105553133848e-12,4.0244573551694205e-25,0.004999999936732651,3.1635849116570746e-11,1.1588684298747931e-06
248.04804804804806,2.4390243902436123e-14,5.560105553133849e-12,4.024457355169426e-25,0.004999999936732522,3.1635849116570726e-11,1.1553935646281096e-06
248.34834834834834,2.4390243902436123e-14,5.56010555313385e-12,4.024457355169431e-25,0.004999999936732397,3.163584911657071e-11,1.1519291187596796e-06
248.64864864864865,2.4390243902436127e-14,5.56010555313385e-12,4.0244573551694357e-25,0.004999999936732277,3.1635849116570694e-11,1.1484750610269966e-06
248.94894894894895,2.4390243902436127e-14,5.5601055531338506e-12,4.0244573551694407e-25,0.004999999936732159,3.163584911657068e-11,1.1450313602812222e-06
249.24924924924926,2.439024390243613e-14,5.560105553133851e-12,4.024457355169446e-25,0.004999999936732045,3.163584911657067e-11,1.1415979854669612e-06
249.54954954954954,2.4390243902436127e-14,5.5601055531338506e-12,4.0244573551694494e-25,0.004999999936731934,3.1635849116570655e-11,1.1381749056219573e-06
249.84984984984985,2.439024390243613e-14,5.560105553133851e-12,4.0244573551694545e-25,0.004999999936731826,3.163584911657064e-11,1.1347620898767201e-06
250.15015015015015,2.4390243902436127e-14,5.5601055531338506e-12,4.0244573551694577e-25,0.0049999999367317215,3.1635849116570636e-11,1.1313595074543483e-06
250.45045045045046,2.4390243902436123e-14,5.560105553133851e-12,4.0244573551694623e-25,0.004999999936731621,3.163584911657062e-11,1.1279671276703022e-06
250.75075075075077,2.4390243902436123e-14,5.560105553133852e-12,4.024457355169467e-25,0.004999999936731523,3.1635849116570617e-11,1.1245849199319434e-06
251.05105105105105,2.4390243902436123e-14,5.560105553133853e-12,4.024457355169471e-25,0.004999999936731427,3.1635849116570604e-11,1.1212128537383841e-06
251.35135135135135,2.4390243902436123e-14,5.560105553133853e-12,4.024457355169474e-25,0.004999999936731335,3.16358491165706e-11,1.1178508986802717e-06
251.65165165165166,2.4390243902436123e-14,5.560105553133854e-12,4.0244573551694784e-25,0.004999999936731244,3.1635849116570584e-11,1.114499024439364e-06
251.95195195195197,2.4390243902436123e-14,5.560105553133854e-12,4.0244573551694816e-25,0.004999999936731158,3.163584911657058e-11,1.1111572007883194e-06
252.25225225225225,2.4390243902436127e-14,5.560105553133853e-12,4.0244573551694843e-25,0.004999999936731073,3.1635849116570565e-11,1.1078253975904738e-06
252.55255255255256,2.4390243902436127e-14,5.560105553133854e-12,4.024457355169488e-25,0.004999999936730991,3.163584911657056e-11,1.104503584799543e-06
252.85285285285286,2.4390243902436127e-14,5.560105553133854e-12,4.024457355169491e-25,0.004999999936730912,3.1635849116570546e-11,1.1011917324592702e-06
253.15315315315317,2.4390243902436127e-14,5.5601055531338554e-12,4.0244573551694953e-25,0.004999999936730834,3.163584911657054e-11,1.0978898107032455e-06
253.45345345345345,2.4390243902436123e-14,5.560105553133855e-12,4.024457355169498e-25,0.004999999936730759,3.163584911657053e-11,1.094597789754689e-06
253.75375375375376,2.4390243902436123e-14,5.5601055531338554e-12,4.0244573551695013e-25,0.004999999936730687,3.163584911657052e-11,1.0913156399260013e-06
254.05405405405406,2.4390243902436123e-14,5.5601055531338554e-12,4.024457355169504e-25,0.0049999999367306164,3.163584911657051e-11,1.0880433316186218e-06
254.35435435435437,2.4390243902436127e-14,5.560105553133856e-12,4.024457355169507e-25,0.004999999936730548,3.1635849116570507e-11,1.0847808353228174e-06
254.65465465465465,2.4390243902436123e-14,5.560105553133856e-12,4.0244573551695096e-25,0.004999999936730481,3.16358491165705e-11,1.0815281216172678e-06
254.95495495495496,2.4390243902436123e-14,5.560105553133856e-12,4.024457355169512e-25,0.004999999936730416,3.1635849116570494e-11,1.0782851611688649e-06
255.25525525525526,2.439024390243612e-14,5.560105553133856e-12,4.0244573551695146e-25,0.0049999999367303545,3.163584911657049e-11,1.075051924732496e-06
255.55555555555557,2.4390243902436123e-14,5.560105553133856e-12,4.024457355169517e-25,0.004999999936730293,3.1635849116570474e-11,1.0718283831507553e-06
255.85585585585585,2.4390243902436123e-14,5.560105553133856e-12,4.024457355169519e-25,0.004999999936730235,3.163584911657047e-11,1.0686145073535996e-06
256.15615615615616,2.4390243902436123e-14,5.560105553133856e-12,4.024457355169521e-25,0.0049999999367301776,3.163584911657046e-11,1.065410268358176e-06
256.45645645645646,2.4390243902436133e-14,5.5601055531338554e-12,4.024457355169523e-25,0.004999999936730122,3.1635849116570455e-11,1.0622156372686071e-06
256.7567567567568,2.439024390243613e-14,5.560105553133856e-12,4.0244573551695257e-25,0.004999999936730068,3.163584911657045e-11,1.0590305852755614e-06
257.0570570570571,2.4390243902436127e-14,5.560105553133857e-12,4.024457355169528e-25,0.004999999936730015,3.163584911657044e-11,1.05585508365611e-06
257.3573573573574,2.4390243902436123e-14,5.560105553133858e-12,4.0244573551695307e-25,0.004999999936729966,3.163584911657043e-11,1.0526891037735254e-06
257.65765765765764,2.4390243902436123e-14,5.560105553133858e-12,4.0244573551695325e-25,0.0049999999367299165,3.163584911657042e-11,1.0495326170768754e-06
257.95795795795794,2.4390243902436123e-14,5.560105553133858e-12,4.0244573551695344e-25,0.004999999936729869,3.1635849116570416e-11,1.0463855951008295e-06
258.25825825825825,2.4390243902436123e-14,5.560105553133857e-12,4.0244573551695353e-25,0.004999999936729822,3.163584911657041e-11,1.0432480094654535e-06
258.55855855855856,2.4390243902436123e-14,5.560105553133858e-12,4.024457355169538e-25,0.004999999936729777,3.1635849116570403e-11,1.0401198318759213e-06
258.85885885885887,2.4390243902436123e-14,5.560105553133858e-12,4.02445735516954e-25,0.004999999936729733,3.16358491165704e-11,1.0370010341221865e-06
259.1591591591592,2.4390243902436123e-14,5.5601055531338595e-12,4.024457355169542e-25,0.004999999936729691,3.1635849116570403e-11,1.0338915880788142e-06
259.4594594594595,2.4390243902436123e-14,5.5601055531338595e-12,4.024457355169544e-25,0.00499999993672965,3.16358491165704e-11,1.0307914657047712e-06
259.7597597597598,2.4390243902436123e-14,5.56010555313386e-12,4.024457355169546e-25,0.00499999993672961,3.16358491165704e-11,1.0277006390430098e-06
260.06006006006004,2.4390243902436123e-14,5.5601055531338595e-12,4.024457355169547e-25,0.004999999936729571,3.163584911657039e-11,1.024619080220329e-06
260.36036036036035,2.4390243902436123e-14,5.560105553133859e-12,4.0244573551695472e-25,0.004999999936729534,3.163584911657039e-11,1.02154676144718e-06
260.66066066066065,2.4390243902436127e-14,5.5601055531338595e-12,4.024457355169549e-25,0.0049999999367294976,3.1635849116570384e-11,1.0184836550172678e-06
260.96096096096096,2.4390243902436127e-14,5.5601055531338595e-12,4.0244573551695505e-25,0.004999999936729462,3.163584911657038e-11,1.0154297333073707e-06
261.26126126126127,2.4390243902436127e-14,5.56010555313386e-12,4.0244573551695523e-25,0.004999999936729427,3.163584911657038e-11,1.0123849687771361e-06
261.5615615615616,2.4390243902436127e-14,5.5601055531338595e-12,4.024457355169553e-25,0.004999999936729394,3.163584911657037e-11,1.0093493339687996e-06
261.8618618618619,2.4390243902436127e-14,5.56010555313386e-12,4.024457355169555e-25,0.004999999936729361,3.1635849116570365e-11,1.0063228015068707e-06
262.1621621621622,2.439024390243612e-14,5.56010555313386e-12,4.024457355169556e-25,0.00499999993672933,3.1635849116570365e-11,1.0033053440979652e-06
262.46246246246244,2.439024390243612e-14,5.560105553133861e-12,4.0244573551695583e-25,0.0049999999367293,3.163584911657036e-11,1.0002969345306065e-06
262.76276276276275,2.4390243902436117e-14,5.560105553133861e-12,4.0244573551695596e-25,0.00499999993672927,3.163584911657036e-11,9.97297545674816e-07
263.06306306306305,2.439024390243612e-14,5.56010555313386e-12,4.0244573551695596e-25,0.004999999936729242,3.163584911657035e-11,9.943071504819815e-07
263.36336336336336,2.4390243902436123e-14,5.56010555313386e-12,4.0244573551695606e-25,0.004999999936729214,3.1635849116570345e-11,9.913257219846728e-07
263.66366366366367,2.439024390243612e-14,5.560105553133861e-12,4.0244573551695624e-25,0.004999999936729187,3.1635849116570345e-11,9.883532332962439e-07
263.963963963964,2.439024390243612e-14,5.56010555313386e-12,4.024457355169563e-25,0.00499999993672916,3.163584911657034e-11,9.853896576106688e-07
264.2642642642643,2.4390243902436117e-14,5.56010555313386e-12,4.0244573551695638e-25,0.004999999936729135,3.163584911657034e-11,9.824349682023387e-07
264.5645645645646,2.439024390243612e-14,5.56010555313386e-12,4.0244573551695647e-25,0.00499999993672911,3.163584911657034e-11,9.794891384257875e-07
264.86486486486484,2.439024390243612e-14,5.56010555313386e-12,4.0244573551695656e-25,0.004999999936729086,3.163584911657033e-11,9.765521417153914e-07
265.16516516516515,2.4390243902436127e-14,5.560105553133861e-12,4.0244573551695674e-25,0.004999999936729063,3.163584911657033e-11,9.736239515852028e-07
265.46546546546546,2.4390243902436127e-14,5.56010555313386e-12,4.0244573551695674e-25,0.004999999936729041,3.1635849116570326e-11,9.707045416287582e-07
265.76576576576576,2.4390243902436127e-14,5.560105553133861e-12,4.0244573551695693e-25,0.004999999936729019,3.1635849116570326e-11,9.677938855186823e-07
266.06606606606607,2.4390243902436123e-14,5.560105553133861e-12,4.0244573551695697e-25,0.004999999936728998,3.1635849116570326e-11,9.648919570065582e-07
266.3663663663664,2.4390243902436127e-14,5.56010555313386e-12,4.0244573551695697e-25,0.004999999936728977,3.1635849116570326e-11,9.6199872992275e-07
266.6666666666667,2.4390243902436127e-14,5.560105553133861e-12,4.0244573551695716e-25,0.004999999936728958,3.1635849116570326e-11,9.591141781760154e-07
266.966966966967,2.4390243902436127e-14,5.560105553133861e-12,4.024457355169572e-25,0.004999999936728938,3.163584911657032e-11,9.562382757533474e-07
267.26726726726724,2.4390243902436127e-14,5.560105553133862e-12,4.0244573551695734e-25,0.004999999936728919,3.163584911657031e-11,9.533709967197782e-07
267.56756756756755,2.4390243902436127e-14,5.560105553133862e-12,4.024457355169574e-25,0.004999999936728901,3.163584911657032e-11,9.505123152181089e-07
267.86786786786786,2.4390243902436127e-14,5.560105553133862e-12,4.024457355169575e-25,0.0049999999367288835,3.163584911657031e-11,9.476622054686223e-07
268.16816816816817,2.4390243902436127e-14,5.560105553133862e-12,4.0244573551695752e-25,0.004999999936728866,3.163584911657032e-11,9.448206417689235e-07
268.4684684684685,2.4390243902436127e-14,5.560105553133863e-12,4.0244573551695766e-25,0.00499999993672885,3.163584911657032e-11,9.419875984937453e-07
268.7687687687688,2.4390243902436123e-14,5.560105553133862e-12,4.0244573551695766e-25,0.004999999936728833,3.163584911657031e-11,9.391630500945716e-07
269.0690690690691,2.4390243902436123e-14,5.560105553133862e-12,4.0244573551695775e-25,0.0049999999367288175,3.163584911657031e-11,9.363469710995085e-07
269.3693693693694,2.439024390243612e-14,5.560105553133861e-12,4.0244573551695775e-25,0.004999999936728802,3.163584911657031e-11,9.335393361131137e-07
269.6696696696697,2.439024390243612e-14,5.560105553133862e-12,4.0244573551695785e-25,0.004999999936728787,3.1635849116570306e-11,9.307401198160156e-07
269.96996996996995,2.4390243902436123e-14,5.560105553133862e-12,4.024457355169579e-25,0.0049999999367287724,3.1635849116570306e-11,9.279492969647673e-07
270.27027027027026,2.4390243902436127e-14,5.560105553133862e-12,4.0244573551695794e-25,0.004999999936728759,3.1635849116570306e-11,9.2516684239165e-07
270.57057057057057,2.4390243902436127e-14,5.560105553133862e-12,4.0244573551695803e-25,0.0049999999367287455,3.1635849116570306e-11,9.223927310044152e-07
270.8708708708709,2.4390243902436127e-14,5.560105553133862e-12,4.0244573551695808e-25,0.0049999999367287325,3.16358491165703e-11,9.196269377860016e-07
271.1711711711712,2.4390243902436123e-14,5.560105553133862e-12,4.024457355169581e-25,0.0049999999367287195,3.1635849116570306e-11,9.168694377943855e-07
271.4714714714715,2.439024390243612e-14,5.560105553133862e-12,4.0244573551695817e-25,0.004999999936728707,3.1635849116570294e-11,9.141202061623855e-07
271.7717717717718,2.4390243902436123e-14,5.560105553133862e-12,4.024457355169582e-25,0.004999999936728695,3.1635849116570294e-11,9.113792180973044e-07
272.0720720720721,2.4390243902436123e-14,5.560105553133862e-12,4.0244573551695826e-25,0.004999999936728684,3.1635849116570294e-11,9.086464488807976e-07
272.37237237237235,2.4390243902436123e-14,5.560105553133862e-12,4.024457355169583e-25,0.004999999936728673,3.1635849116570294e-11,9.059218738687136e-07
272.67267267267266,2.4390243902436123e-14,5.560105553133862e-12,4.0244573551695835e-25,0.004999999936728661,3.163584911657029e-11,9.032054684907172e-07
272.97297297297297,2.4390243902436123e-14,5.560105553133863e-12,4.024457355169584e-25,0.004999999936728651,3.163584911657029e-11,9.004972082501533e-07
273.2732732732733,2.439024390243612e-14,5.560105553133864e-12,4.024457355169586e-25,0.00499999993672864,3.163584911657029e-11,8.977970687238579e-07
273.5735735735736,2.4390243902436123e-14,5.560105553133863e-12,4.024457355169585e-25,0.00499999993672863,3.163584911657029e-11,8.951050255618989e-07
273.8738738738739,2.4390243902436123e-14,5.5601055531338635e-12,4.024457355169586e-25,0.004999999936728621,3.163584911657029e-11,8.924210544873115e-07
274.1741741741742,2.4390243902436127e-14,5.5601055531338635e-12,4.0244573551695863e-25,0.004999999936728611,3.163584911657029e-11,8.897451312959465e-07
274.4744744744745,2.439024390243613e-14,5.560105553133863e-12,4.0244573551695863e-25,0.0049999999367286024,3.1635849116570294e-11,8.870772318562842e-07
274.77477477477476,2.4390243902436127e-14,5.560105553133863e-12,4.0244573551695863e-25,0.004999999936728593,3.163584911657029e-11,8.84417332109084e-07
275.07507507507506,2.4390243902436127e-14,5.560105553133863e-12,4.0244573551695867e-25,0.004999999936728584,3.163584911657029e-11,8.817654080672586e-07
275.37537537537537,2.4390243902436127e-14,5.560105553133863e-12,4.024457355169587e-25,0.004999999936728576,3.163584911657029e-11,8.79121435815721e-07
275.6756756756757,2.4390243902436127e-14,5.560105553133863e-12,4.024457355169587e-25,0.004999999936728568,3.163584911657028e-11,8.76485391511014e-07
275.975975975976,2.4390243902436123e-14,5.560105553133863e-12,4.0244573551695876e-25,0.00499999993672856,3.163584911657028e-11,8.738572513811822e-07
276.2762762762763,2.439024390243612e-14,5.5601055531338635e-12,4.0244573551695886e-25,0.004999999936728553,3.163584911657028e-11,8.712369917255875e-07
276.5765765765766,2.439024390243612e-14,5.560105553133863e-12,4.024457355169588e-25,0.004999999936728545,3.1635849116570274e-11,8.686245889146563e-07
276.8768768768769,2.4390243902436117e-14,5.560105553133863e-12,4.0244573551695886e-25,0.004999999936728538,3.1635849116570274e-11,8.660200193896233e-07
277.17717717717716,2.4390243902436123e-14,5.560105553133863e-12,4.024457355169589e-25,0.004999999936728531,3.163584911657028e-11,8.634232596623873e-07
277.47747747747746,2.4390243902436123e-14,5.560105553133862e-12,4.0244573551695886e-25,0.004999999936728524,3.1635849116570274e-11,8.608342863153237e-07
277.77777777777777,2.4390243902436123e-14,5.560105553133863e-12,4.0244573551695895e-25,0.004999999936728518,3.1635849116570274e-11,8.582530760009515e-07
278.0780780780781,2.4390243902436123e-14,5.560105553133863e-12,4.0244573551695895e-25,0.004999999936728511,3.1635849116570274e-11,8.556796054418091e-07
278.3783783783784,2.4390243902436127e-14,5.560105553133863e-12,4.02445735516959e-25,0.004999999936728506,3.1635849116570274e-11,8.531138514303044e-07
278.6786786786787,2.4390243902436123e-14,5.560105553133863e-12,4.02445735516959e-25,0.004999999936728499,3.163584911657028e-11,8.505557908283542e-07
278.978978978979,2.4390243902436123e-14,5.560105553133863e-12,4.0244573551695904e-25,0.004999999936728493,3.163584911657028e-11,8.48005400567264e-07
279.2792792792793,2.439024390243612e-14,5.560105553133863e-12,4.0244573551695904e-25,0.004999999936728488,3.163584911657029e-11,8.454626576475466e-07
279.57957957957956,2.4390243902436123e-14,5.5601055531338635e-12,4.0244573551695913e-25,0.004999999936728482,3.163584911657029e-11,8.429275391386759e-07
279.87987987987987,2.439024390243612e-14,5.5601055531338635e-12,4.0244573551695913e-25,0.004999999936728477,3.163584911657028e-11,8.404000221788396e-07
280.1801801801802,2.4390243902436127e-14,5.560105553133863e-12,4.024457355169591e-25,0.0049999999367284715,3.1635849116570274e-11,8.378800839747992e-07
280.4804804804805,2.4390243902436123e-14,5.560105553133863e-12,4.0244573551695913e-25,0.004999999936728466,3.1635849116570274e-11,8.353677018017089e-07
280.7807807807808,2.4390243902436123e-14,5.5601055531338635e-12,4.024457355169592e-25,0.004999999936728462,3.163584911657027e-11,8.3286285300279e-07
281.0810810810811,2.4390243902436123e-14,5.560105553133863e-12,4.024457355169592e-25,0.004999999936728457,3.163584911657027e-11,8.303655149892115e-07
281.3813813813814,2.4390243902436123e-14,5.560105553133863e-12,4.024457355169592e-25,0.0049999999367284515,3.163584911657027e-11,8.278756652399474e-07
281.6816816816817,2.439024390243612e-14,5.5601055531338635e-12,4.0244573551695922e-25,0.004999999936728448,3.163584911657026e-11,8.253932813014205e-07
281.98198198198196,2.4390243902436123e-14,5.5601055531338635e-12,4.0244573551695927e-25,0.004999999936728444,3.163584911657026e-11,8.229183407873927e-07
282.28228228228227,2.439024390243612e-14,5.560105553133864e-12,4.0244573551695936e-25,0.004999999936728439,3.1635849116570255e-11,8.204508213787843e-07
282.5825825825826,2.4390243902436123e-14,5.560105553133863e-12,4.0244573551695927e-25,0.004999999936728435,3.163584911657026e-11,8.179907008234365e-07
282.8828828828829,2.4390243902436123e-14,5.5601055531338635e-12,4.024457355169593e-25,0.0049999999367284316,3.163584911657026e-11,8.155379569358723e-07
283.1831831831832,2.4390243902436123e-14,5.5601055531338635e-12,4.024457355169593e-25,0.004999999936728428,3.163584911657026e-11,8.130925675971601e-07
283.4834834834835,2.4390243902436127e-14,5.560105553133863e-12,4.0244573551695927e-25,0.004999999936728424,3.163584911657026e-11,8.106545107547359e-07
283.7837837837838,2.4390243902436123e-14,5.5601055531338635e-12,4.0244573551695936e-25,0.00499999993672842,3.163584911657027e-11,8.082237644220906e-07
284.0840840840841,2.4390243902436127e-14,5.5601055531338635e-12,4.0244573551695936e-25,0.004999999936728417,3.163584911657026e-11,8.058003066786526e-07
284.38438438438436,2.439024390243613e-14,5.560105553133864e-12,4.0244573551695945e-25,0.0049999999367284125,3.163584911657026e-11,8.033841156696499e-07
284.68468468468467,2.439024390243613e-14,5.560105553133864e-12,4.024457355169595e-25,0.00499999993672841,3.163584911657026e-11,8.009751696057617e-07
284.984984984985,2.4390243902436127e-14,5.5601055531338635e-12,4.024457355169594e-25,0.004999999936728406,3.163584911657026e-11,7.985734467630153e-07
285.2852852852853,2.4390243902436127e-14,5.5601055531338635e-12,4.024457355169594e-25,0.004999999936728404,3.163584911657027e-11,7.961789254826117e-07
285.5855855855856,2.4390243902436127e-14,5.5601055531338635e-12,4.024457355169594e-25,0.0049999999367284,3.163584911657026e-11,7.9379158417069e-07
285.8858858858859,2.4390243902436123e-14,5.5601055531338635e-12,4.0244573551695945e-25,0.004999999936728398,3.163584911657026e-11,7.914114012980999e-07
286.1861861861862,2.4390243902436127e-14,5.5601055531338635e-12,4.0244573551695945e-25,0.004999999936728395,3.1635849116570255e-11,7.890383554002682e-07
286.4864864864865,2.4390243902436123e-14,5.560105553133863e-12,4.024457355169594e-25,0.0049999999367283925,3.1635849116570255e-11,7.866724250770245e-07
286.78678678678676,2.4390243902436123e-14,5.5601055531338635e-12,4.0244573551695945e-25,0.00499999993672839,3.1635849116570255e-11,7.843135889923006e-07
287.08708708708707,2.4390243902436123e-14,5.560105553133863e-12,4.0244573551695945e-25,0.004999999936728387,3.1635849116570255e-11,7.819618258740136e-07
287.3873873873874,2.4390243902436123e-14,5.560105553133863e-12,4.0244573551695945e-25,0.004999999936728384,3.163584911657025e-11,7.796171145139354e-07
287.6876876876877,2.4390243902436123e-14,5.5601055531338635e-12,4.024457355169595e-25,0.004999999936728382,3.163584911657025e-11,7.772794337673518e-07
287.987987987988,2.4390243902436123e-14,5.5601055531338635e-12,4.024457355169595e-25,0.0049999999367283795,3.163584911657025e-11,7.749487625529631e-07
288.2882882882883,2.4390243902436123e-14,5.5601055531338635e-12,4.024457355169595e-25,0.004999999936728377,3.163584911657025e-11,7.726250798527169e-07
288.5885885885886,2.4390243902436123e-14,5.5601055531338635e-12,4.0244573551695954e-25,0.004999999936728375,3.163584911657025e-11,7.703083647115752e-07
288.8888888888889,2.4390243902436123e-14,5.5601055531338635e-12,4.0244573551695954e-25,0.0049999999367283735,3.163584911657025e-11,7.679985962372983e-07
289.1891891891892,2.4390243902436123e-14,5.560105553133863e-12,4.024457355169595e-25,0.004999999936728371,3.163584911657025e-11,7.656957536003127e-07
289.4894894894895,2.4390243902436123e-14,5.560105553133863e-12,4.024457355169595e-25,0.004999999936728368,3.163584911657025e-11,7.633998160335425e-07
289.7897897897898,2.4390243902436127e-14,5.560105553133863e-12,4.024457355169595e-25,0.0049999999367283665,3.163584911657025e-11,7.611107628321162e-07
290.0900900900901,2.4390243902436123e-14,5.5601055531338635e-12,4.0244573551695954e-25,0.004999999936728365,3.163584911657024e-11,7.588285733532564e-07
290.3903903903904,2.4390243902436127e-14,5.5601055531338635e-12,4.024457355169596e-25,0.004999999936728363,3.163584911657025e-11,7.565532270161524e-07
290.6906906906907,2.4390243902436127e-14,5.560105553133864e-12,4.024457355169597e-25,0.004999999936728361,3.163584911657025e-11,7.542847033016248e-07
290.990990990991,2.4390243902436123e-14,5.5601055531338635e-12,4.024457355169596e-25,0.00499999993672836,3.163584911657025e-11,7.520229817520355e-07
291.2912912912913,2.4390243902436117e-14,5.560105553133864e-12,4.024457355169597e-25,0.004999999936728358,3.163584911657025e-11,7.49768041971123e-07
291.5915915915916,2.4390243902436114e-14,5.5601055531338635e-12,4.024457355169596e-25,0.004999999936728356,3.163584911657025e-11,7.475198636237736e-07
291.8918918918919,2.4390243902436117e-14,5.5601055531338635e-12,4.024457355169596e-25,0.004999999936728354,3.163584911657025e-11,7.452784264358164e-07
292.1921921921922,2.439024390243612e-14,5.5601055531338635e-12,4.024457355169596e-25,0.004999999936728353,3.1635849116570255e-11,7.430437101938911e-07
292.4924924924925,2.4390243902436127e-14,5.560105553133863e-12,4.024457355169596e-25,0.004999999936728351,3.1635849116570255e-11,7.408156947452866e-07
292.7927927927928,2.4390243902436123e-14,5.5601055531338635e-12,4.0244573551695964e-25,0.00499999993672835,3.1635849116570255e-11,7.38594359997657e-07
293.0930930930931,2.4390243902436127e-14,5.5601055531338635e-12,4.0244573551695964e-25,0.004999999936728348,3.1635849116570255e-11,7.363796859189129e-07
293.3933933933934,2.439024390243612e-14,5.5601055531338635e-12,4.0244573551695964e-25,0.0049999999367283466,3.1635849116570255e-11,7.341716525370976e-07
293.6936936936937,2.439024390243612e-14,5.5601055531338635e-12,4.0244573551695964e-25,0.004999999936728346,3.1635849116570255e-11,7.319702399400631e-07
293.993993993994,2.4390243902436123e-14,5.560105553133863e-12,4.024457355169596e-25,0.004999999936728344,3.1635849116570255e-11,7.297754282753825e-07
294.2942942942943,2.4390243902436127e-14,5.560105553133863e-12,4.024457355169596e-25,0.004999999936728343,3.1635849116570255e-11,7.275871977501896e-07
294.5945945945946,2.4390243902436123e-14,5.560105553133862e-12,4.0244573551695954e-25,0.004999999936728341,3.1635849116570255e-11,7.25405528630956e-07
294.8948948948949,2.4390243902436123e-14,5.560105553133863e-12,4.0244573551695964e-25,0.0049999999367283405,3.1635849116570255e-11,7.23230401243293e-07
295.1951951951952,2.439024390243612e-14,5.560105553133863e-12,4.0244573551695964e-25,0.00499999993672834,3.1635849116570255e-11,7.210617959718266e-07
295.4954954954955,2.439024390243612e-14,5.5601055531338635e-12,4.024457355169597e-25,0.004999999936728338,3.1635849116570255e-11,7.188996932600347e-07
295.7957957957958,2.439024390243612e-14,5.5601055531338635e-12,4.024457355169597e-25,0.004999999936728337,3.163584911657025e-11,7.167440736099748e-07
296.0960960960961,2.439024390243612e-14,5.560105553133864e-12,4.0244573551695977e-25,0.004999999936728336,3.163584911657025e-11,7.1459491758218e-07
296.3963963963964,2.439024390243612e-14,5.560105553133863e-12,4.0244573551695964e-25,0.004999999936728335,3.1635849116570255e-11,7.124522057955357e-07
296.6966966966967,2.439024390243612e-14,5.5601055531338635e-12,4.024457355169597e-25,0.0049999999367283336,3.163584911657025e-11,7.103159189269677e-07
296.996996996997,2.4390243902436123e-14,5.5601055531338635e-12,4.024457355169597e-25,0.004999999936728333,3.163584911657025e-11,7.081860377113541e-07
297.2972972972973,2.439024390243612e-14,5.560105553133863e-12,4.0244573551695964e-25,0.004999999936728333,3.163584911657025e-11,7.060625429413743e-07
297.5975975975976,2.4390243902436123e-14,5.5601055531338635e-12,4.024457355169597e-25,0.004999999936728332,3.163584911657025e-11,7.039454154672883e-07
297.8978978978979,2.4390243902436123e-14,5.5601055531338635e-12,4.024457355169597e-25,0.004999999936728331,3.163584911657025e-11,7.018346361967472e-07
298.1981981981982,2.439024390243612e-14,5.5601055531338635e-12,4.024457355169597e-25,0.00499999993672833,3.1635849116570255e-11,6.997301860946708e-07
298.4984984984985,2.4390243902436117e-14,5.5601055531338635e-12,4.024457355169597e-25,0.004999999936728329,3.1635849116570255e-11,6.976320461830885e-07
298.7987987987988,2.4390243902436123e-14,5.5601055531338635e-12,4.024457355169597e-25,0.004999999936728328,3.1635849116570255e-11,6.955401975408784e-07
299.0990990990991,2.4390243902436123e-14,5.560105553133863e-12,4.024457355169597e-25,0.004999999936728327,3.1635849116570255e-11,6.934546213036626e-07
299.3993993993994,2.439024390243613e-14,5.560105553133863e-12,4.024457355169597e-25,0.004999999936728327,3.1635849116570255e-11,6.913752986636804e-07
299.6996996996997,2.439024390243613e-14,5.560105553133863e-12,4.024457355169597e-25,0.004999999936728326,3.1635849116570255e-11,6.893022108695094e-07
300.0,2.439024390243613e-14,5.560105553133863e-12,4.024457355169597e-25,0.004999999936728325,3.1635849116570255e-11,6.872353392259625e-07
